{"stats":{"minecraft:broken":{"minecraft:stone_pickaxe":4,"minecraft:golden_chestplate":1,"minecraft:iron_axe":1,"minecraft:iron_pickaxe":3},"minecraft:mined":{"minecraft:cobblestone_stairs":2,"minecraft:sculk_vein":8,"minecraft:grass_block":10,"minecraft:spawner":2,"minecraft:magma_block":101,"minecraft:raw_iron_block":10,"minecraft:sculk_catalyst":1,"minecraft:iron_ore":11,"minecraft:cobbled_deepslate":10,"minecraft:fire":29,"minecraft:sculk_shrieker":1,"minecraft:deepslate_redstone_ore":5,"minecraft:blackstone":78,"minecraft:clay":13,"minecraft:torch":26,"minecraft:chest":1,"minecraft:cobblestone":5,"spelunkers_charm:deepslate_geyser":1,"minecraft:oak_planks":15,"minecraft:wall_torch":8,"minecraft:grass":58,"minecraft:oak_log":13,"minecraft:dirt":49,"minecraft:dispenser":1,"minecraft:oak_leaves":21,"minecraft:deepslate":517,"alexscaves:spelunkery_table":2,"minecraft:tuff":55,"minecraft:quartz_stairs":2,"minecraft:dark_oak_leaves":7,"minecraft:deepslate_diamond_ore":18,"biomesoplenty:desert_grass":1,"minecraft:dark_oak_log":24,"minecraft:glow_lichen":1,"minecraft:spruce_fence":1,"minecraft:spruce_leaves":20,"minecraft:moss_block":5,"minecraft:large_fern":2,"minecraft:hay_block":53,"minecraft:spore_blossom":1,"biomesoplenty:high_grass":7,"minecraft:deepslate_iron_ore":5,"minecraft:stone":614,"minecraft:white_wool":3,"spelunkers_charm:rock_pile_1":1,"minecraft:podzol":1,"minecraft:oak_slab":1,"minecraft:glass_pane":1,"minecraft:oak_fence":2,"minecraft:crafting_table":3,"spelunkers_charm:dead_grass":1,"minecraft:sculk_sensor":2,"biomesoplenty:high_grass_plant":17,"minecraft:tall_grass":7,"minecraft:copper_ore":3,"biomesoplenty:sprout":16,"minecraft:deepslate_gold_ore":27,"minecraft:sculk":90,"supplementaries:urn":31,"minecraft:spruce_stairs":3,"minecraft:purple_bed":1,"minecraft:coarse_dirt":1,"minecraft:sweet_berry_bush":3,"biomesoplenty:pink_daffodil":1,"minecraft:spruce_log":18,"minecraft:coal_ore":30,"minecraft:gravel":59,"minecraft:fern":1},"minecraft:picked_up":{"minecraft:iron_chestplate":4,"croptopia:zucchini":2,"alexscaves:cave_tablet":7,"minecraft:enchanted_book":2,"minecraft:golden_shovel":3,"alexsmobs:gazelle_horn":4,"minecraft:string":24,"minecraft:raw_copper":11,"alexsmobs:ancient_dart":1,"minecraft:iron_leggings":5,"minecraft:activator_rail":1,"minecraft:gold_nugget":69,"minecraft:cobbled_deepslate":652,"minecraft:iron_pickaxe":3,"alexsmobs:raccoon_tail":1,"minecraft:melon_slice":103,"minecraft:furnace":1,"farmersdelight:cabbage_seeds":3,"minecraft:iron_boots":3,"minecraft:stick":33,"croptopia:barley_seed":1,"minecraft:oak_fence":10,"croptopia:olive_seed":3,"minecraft:torch":116,"croptopia:rutabaga":1,"minecraft:spruce_stairs":3,"supplementaries:bamboo_spikes_tipped":2,"minecraft:porkchop":32,"croptopia:ginger_seed":21,"alexsmobs:centipede_leg":4,"minecraft:rotten_flesh":35,"croptopia:squash_seed":4,"supplementaries:antique_ink":1,"farmersdelight:rope":12,"minecraft:mangrove_roots":4,"supplementaries:ash":52,"minecraft:snowball":60,"minecraft:cobblestone":681,"minecraft:magma_block":110,"minecraft:muddy_mangrove_roots":2,"minecraft:feather":11,"minecraft:water_bucket":5,"wardrobe:fox_hide":5,"minecraft:dark_oak_boat":3,"biomesoplenty:glowshroom":2,"minecraft:potato":22,"alexscaves:cave_book":1,"minecraft:flint":1,"minecraft:tuff":64,"supplementaries:flax_seeds":11,"minecraft:dirt":98,"minecraft:lantern":5,"minecraft:name_tag":1,"croptopia:kiwi_seed":39,"minecraft:bone":34,"croptopia:corn":1,"croptopia:sweetpotato":1,"minecraft:bow":1,"minecraft:wheat_seeds":34,"minecraft:raw_gold":38,"minecraft:bell":1,"minecraft:diamond_helmet":1,"minecraft:moss_block":1,"minecraft:oak_planks":28,"endrem:lost_eye":1,"croptopia:ginger":13,"minecraft:melon":1,"sophisticatedbackpacks:iron_backpack":6,"minecraft:grass_block":2,"minecraft:dark_oak_log":24,"alexsmobs:animal_dictionary":4,"minecraft:iron_hoe":2,"minecraft:dispenser":1,"croptopia:hops_seed":13,"minecraft:diamond":25,"croptopia:leek_seed":12,"minecraft:bone_meal":3,"minecraft:bread":145,"biomesoplenty:pink_daffodil":1,"minecraft:oak_sapling":1,"croptopia:zucchini_seed":10,"sophisticatedbackpacks:gold_backpack":3,"minecraft:crafting_table":3,"minecraft:coarse_dirt":9,"minecraft:chicken":10,"minecraft:leather_leggings":1,"minecraft:wooden_pickaxe":4,"spelunkers_charm:deepslate_rock":2,"minecraft:shield":2,"minecraft:moss_carpet":1,"minecraft:iron_axe":3,"minecraft:compass":1,"croptopia:soybean":1,"minecraft:blackstone":77,"minecraft:beef":16,"croptopia:pepper_seed":1,"minecraft:iron_nugget":2,"minecraft:quartz_stairs":2,"supplementaries:rope":5,"minecraft:chest":1,"minecraft:raw_iron":67,"croptopia:corn_seed":2,"croptopia:soybean_seed":2,"minecraft:spruce_fence":2,"sophisticatedbackpacks:backpack":8,"farmersdelight:tomato_seeds":4,"minecraft:carrot":4,"minecraft:redstone":28,"croptopia:strawberry":1,"minecraft:arrow":7,"minecraft:diamond_chestplate":1,"croptopia:strawberry_seed":1,"minecraft:shears":1,"minecraft:diamond_boots":1,"minecraft:hay_block":232,"alexscaves:spelunkery_table":3,"minecraft:saddle":6,"croptopia:pepper":1,"sophisticatedbackpacks:copper_backpack":2,"minecraft:glow_berries":2,"minecraft:mutton":22,"minecraft:rail":18,"minecraft:skeleton_skull":2,"minecraft:white_wool":18,"minecraft:glow_ink_sac":8,"minecraft:leather":17,"croptopia:glowing_calamari":4,"spelunkers_charm:old_miners_bundle":4,"minecraft:oak_log":13,"croptopia:leek":2,"minecraft:golden_boots":1,"minecraft:gunpowder":1,"minecraft:cobblestone_stairs":2,"farmersdelight:skillet":1,"minecraft:paper":48,"croptopia:olive":2,"minecraft:apple":9,"croptopia:barley":1,"croptopia:squash":1,"minecraft:iron_ingot":44,"minecraft:stone_pickaxe":9,"minecraft:cobweb":6,"minecraft:iron_sword":3,"croptopia:kiwi":10,"minecraft:book":1,"minecraft:oak_slab":1,"minecraft:smooth_basalt":2,"minecraft:sweet_berries":1,"minecraft:red_wool":1,"minecraft:spyglass":2,"minecraft:raw_iron_block":20,"minecraft:gravel":53,"croptopia:hops":12,"minecraft:amethyst_shard":5,"croptopia:rutabaga_seed":8,"minecraft:spruce_sapling":1,"minecraft:white_bed":2,"minecraft:spruce_log":18,"biomesoplenty:glowing_moss_block":1,"minecraft:spider_eye":4,"minecraft:purple_bed":1,"minecraft:slime_ball":9,"minecraft:stone_axe":5,"minecraft:iron_helmet":5,"alexscaves:cave_map":8,"spelunkers_charm:rock":2,"minecraft:coal":60,"minecraft:sunflower":1},"minecraft:killed_by":{"alexsmobs:murmur_head":1,"alexsmobs:rhinoceros":1,"alexsmobs:centipede_head":1,"minecraft:skeleton":1},"minecraft:crafted":{"minecraft:oak_planks":52,"minecraft:dark_oak_boat":1,"minecraft:cooked_mutton":6,"minecraft:diamond_helmet":1,"minecraft:diamond_leggings":1,"minecraft:iron_boots":1,"sophisticatedbackpacks:copper_backpack":1,"alexscaves:cave_book":1,"sophisticatedbackpacks:backpack":1,"minecraft:crafting_table":13,"minecraft:spruce_planks":76,"minecraft:wooden_pickaxe":2,"minecraft:iron_helmet":1,"minecraft:copper_ingot":11,"minecraft:hay_block":33,"farmersdelight:cutting_board":1,"minecraft:iron_chestplate":1,"minecraft:stick":48,"minecraft:iron_ingot":21,"minecraft:iron_pickaxe":3,"minecraft:gold_ingot":20,"minecraft:raw_iron":90,"minecraft:iron_nugget":9,"minecraft:furnace":4,"minecraft:bone_meal":24,"alexscaves:cave_map":1,"minecraft:iron_axe":2,"minecraft:stone_pickaxe":11,"minecraft:diamond_boots":1,"minecraft:dark_oak_planks":96,"minecraft:wheat":774,"sophisticatedbackpacks:iron_backpack":2,"wardrobe:fox_hat_helmet":1,"sophisticatedbackpacks:gold_backpack":3,"minecraft:bucket":2,"minecraft:stone_axe":1,"minecraft:bread":159,"minecraft:air":0,"minecraft:white_dye":3,"minecraft:iron_leggings":1,"minecraft:white_bed":2,"minecraft:torch":16,"minecraft:diamond_chestplate":1},"minecraft:dropped":{"sophisticatedbackpacks:iron_backpack":5,"minecraft:iron_sword":1,"minecraft:porkchop":8,"minecraft:lapis_lazuli":5,"croptopia:hops_seed":1,"minecraft:glow_berries":2,"minecraft:leather":1,"sophisticatedbackpacks:gold_backpack":2,"minecraft:flint":1,"minecraft:dirt":11,"minecraft:snowball":45,"alexscaves:cave_map":6,"minecraft:amethyst_shard":5,"minecraft:iron_pickaxe":1,"minecraft:bone":8,"minecraft:gravel":26,"minecraft:stone_axe":1,"minecraft:blackstone":3,"alexsmobs:gazelle_horn":4,"minecraft:iron_nugget":2,"minecraft:cobbled_deepslate":180,"minecraft:rotten_flesh":10,"minecraft:oak_planks":1,"minecraft:golden_shovel":3,"biomesoplenty:glowing_moss_block":1,"minecraft:carrot":1,"supplementaries:antique_ink":1,"minecraft:skeleton_skull":1,"spelunkers_charm:rock":1,"wardrobe:fox_hide":1,"minecraft:arrow":3,"alexsmobs:tarantula_hawk_elytra":1,"minecraft:beef":4,"minecraft:water_bucket":1,"minecraft:enchanted_book":3,"minecraft:iron_ingot":2,"minecraft:bread":38,"minecraft:wheat_seeds":14,"minecraft:oak_fence":3,"minecraft:iron_helmet":2,"minecraft:cobblestone":118,"endrem:lost_eye":1,"spelunkers_charm:old_miners_bundle":2,"minecraft:stick":3,"minecraft:cobweb":6,"minecraft:melon_slice":28,"minecraft:iron_leggings":1,"minecraft:iron_axe":1,"biomesoplenty:glowshroom":2,"minecraft:paper":16,"croptopia:kiwi":1,"minecraft:tuff":3,"croptopia:leek_seed":3,"minecraft:chicken":2,"minecraft:iron_boots":1,"alexscaves:cave_codex":1,"alexsmobs:ancient_dart":1,"sophisticatedbackpacks:backpack":6,"minecraft:shears":1,"supplementaries:bamboo_spikes_tipped":2,"minecraft:hay_block":26,"minecraft:shield":1,"croptopia:kiwi_seed":1,"minecraft:spruce_planks":4,"minecraft:iron_chestplate":1,"minecraft:oak_sapling":1,"sophisticatedbackpacks:copper_backpack":1,"minecraft:stone_pickaxe":5,"minecraft:raw_gold":2,"minecraft:bell":1,"minecraft:magma_block":11},"minecraft:custom":{"minecraft:interact_with_crafting_table":54,"minecraft:open_barrel":9,"minecraft:leave_game":20,"minecraft:time_since_death":187874,"minecraft:sprint_one_cm":1945843,"minecraft:drop":156,"minecraft:talked_to_villager":2,"minecraft:play_time":581429,"minecraft:deaths":5,"minecraft:jump":8613,"minecraft:walk_on_water_one_cm":104979,"minecraft:interact_with_furnace":38,"minecraft:interact_with_loom":16,"minecraft:sleep_in_bed":5,"minecraft:damage_dealt":13492,"minecraft:crouch_one_cm":54702,"minecraft:inspect_dispenser":4,"minecraft:interact_with_smithing_table":1,"minecraft:mob_kills":81,"minecraft:climb_one_cm":206,"minecraft:walk_one_cm":754935,"minecraft:sneak_time":20365,"minecraft:walk_under_water_one_cm":55503,"minecraft:boat_one_cm":320559,"minecraft:total_world_time":581429,"minecraft:interact_with_grindstone":2,"minecraft:time_since_rest":22923,"minecraft:damage_taken":5620,"minecraft:damage_absorbed":80,"minecraft:swim_one_cm":157010,"minecraft:fly_one_cm":1734035,"minecraft:open_chest":94,"minecraft:fall_one_cm":232684},"minecraft:used":{"croptopia:leek":2,"minecraft:melon":1,"minecraft:dispenser":1,"minecraft:chest":1,"minecraft:quartz_stairs":2,"croptopia:zucchini":1,"minecraft:mutton":2,"minecraft:carrot":1,"minecraft:tuff":1,"minecraft:snowball":15,"minecraft:obsidian":3,"minecraft:grass_block":6,"farmersdelight:cutting_board":1,"minecraft:dark_oak_boat":3,"minecraft:furnace":5,"minecraft:stone_pickaxe":735,"minecraft:oak_planks":1,"minecraft:wooden_pickaxe":41,"minecraft:white_wool":2,"minecraft:golden_apple":2,"alexscaves:cave_book":2,"minecraft:bread":130,"minecraft:gravel":10,"minecraft:bone_meal":24,"minecraft:torch":96,"minecraft:dirt":48,"minecraft:spruce_stairs":3,"minecraft:iron_hoe":97,"minecraft:iron_axe":295,"alexscaves:spelunkery_table":2,"croptopia:squash":1,"minecraft:cobbled_deepslate":110,"minecraft:cooked_mutton":3,"minecraft:water_bucket":61,"minecraft:cobblestone_stairs":1,"farmersdelight:golden_knife":12,"minecraft:crafting_table":16,"supplementaries:bomb":2,"minecraft:white_bed":3,"minecraft:spruce_log":1,"biomesoplenty:pink_daffodil":1,"minecraft:iron_pickaxe":818,"minecraft:stone_axe":94,"minecraft:cobblestone":64,"croptopia:kiwi":4,"minecraft:purple_bed":1,"minecraft:bucket":61,"alexsmobs:animal_dictionary":1},"minecraft:killed":{"minecraft:cave_spider":7,"minecraft:spider":10,"minecraft:skeleton":6,"minecraft:fox":4,"minecraft:chicken":2,"alexsmobs:centipede_head":1,"minecraft:pig":4,"minecraft:zombie_villager":1,"minecraft:creeper":2,"minecraft:sheep":8,"minecraft:zombie":30,"minecraft:cow":2,"alexsmobs:gazelle":2,"minecraft:enderman":1}},"DataVersion":3465}