{"stats":{"minecraft:used":{"minecraft:chest":2,"minecraft:shield":393,"minecraft:iron_sword":426,"minecraft:rotten_flesh":2,"minecraft:mutton":6,"minecraft:carrot":51,"minecraft:tuff":20,"minecraft:obsidian":4,"minecraft:lantern":5,"minecraft:grass_block":1,"minecraft:furnace":4,"supplementaries:bamboo_spikes_tipped":1,"minecraft:potato":9,"minecraft:spider_spawn_egg":8,"minecraft:golden_boots":1,"alexsmobs:raw_catfish":3,"minecraft:stone_pickaxe":280,"minecraft:blackstone":10,"minecraft:wooden_pickaxe":56,"minecraft:blue_bed":1,"minecraft:golden_apple":1,"minecraft:golden_hoe":60,"sophisticatedbackpacks:backpack":1,"minecraft:firework_rocket":21,"minecraft:melon_slice":13,"minecraft:bread":146,"minecraft:gravel":5,"minecraft:bone_meal":44,"minecraft:cobweb":16,"minecraft:enchanting_table":2,"minecraft:flint_and_steel":6,"croptopia:glowing_calamari":1,"minecraft:spruce_planks":2,"minecraft:stick":1,"minecraft:torch":45,"minecraft:spyglass":29,"minecraft:anvil":2,"minecraft:dirt":27,"minecraft:golden_shovel":53,"minecraft:iron_hoe":323,"minecraft:wooden_axe":16,"alexsmobs:maggot":1,"minecraft:iron_axe":376,"minecraft:diamond_chestplate":1,"alexscaves:spelunkery_table":1,"minecraft:beef":10,"minecraft:cobbled_deepslate":106,"minecraft:water_bucket":189,"minecraft:fletching_table":1,"minecraft:crafting_table":12,"minecraft:red_bed":1,"minecraft:spider_eye":2,"minecraft:spruce_log":4,"croptopia:olive":2,"minecraft:diamond_pickaxe":11,"minecraft:wooden_hoe":9,"minecraft:apple":8,"minecraft:iron_pickaxe":838,"minecraft:spruce_sapling":8,"minecraft:stone_axe":70,"minecraft:purple_bed":3,"croptopia:kiwi":1,"minecraft:porkchop":7,"minecraft:cobblestone":182,"minecraft:white_banner":1,"minecraft:bucket":190},"minecraft:mined":{"minecraft:large_amethyst_bud":2,"minecraft:spruce_planks":7,"biomesoplenty:glowshroom":1,"minecraft:sculk_vein":28,"croptopia:mustard_crop":2,"minecraft:obsidian":8,"minecraft:spruce_trapdoor":1,"minecraft:cave_vines_plant":1,"minecraft:granite":2,"minecraft:budding_amethyst":1,"minecraft:acacia_log":7,"minecraft:grass_block":61,"minecraft:composter":2,"minecraft:hopper":2,"minecraft:spawner":3,"minecraft:raw_iron_block":26,"minecraft:magma_block":33,"minecraft:iron_ore":76,"minecraft:sticky_piston":2,"minecraft:fire":7,"minecraft:cobbled_deepslate":6,"minecraft:anvil":1,"minecraft:deepslate_lapis_ore":12,"minecraft:azure_bluet":1,"minecraft:dark_oak_stairs":1,"minecraft:enchanting_table":2,"supplementaries:stick":1,"minecraft:red_tulip":1,"amendments:wall_lantern":1,"minecraft:oak_stairs":1,"minecraft:pink_tulip":1,"minecraft:spruce_wood":14,"minecraft:iron_block":2,"minecraft:piston_head":1,"minecraft:deepslate_redstone_ore":14,"minecraft:red_bed":1,"minecraft:blackstone":15,"minecraft:medium_amethyst_bud":1,"minecraft:amethyst_cluster":2,"minecraft:torch":13,"minecraft:blast_furnace":1,"minecraft:melon":10,"minecraft:poppy":2,"minecraft:cobblestone":37,"minecraft:oak_planks":30,"minecraft:wall_torch":10,"minecraft:amethyst_block":13,"minecraft:deepslate_copper_ore":7,"spelunkers_charm:rock_pile_3":1,"minecraft:repeater":3,"minecraft:powered_rail":2,"minecraft:wheat":62,"minecraft:lilac":12,"minecraft:orange_tulip":2,"croptopia:chile_pepper_crop":1,"minecraft:grass":59,"minecraft:oak_log":4,"minecraft:acacia_fence":1,"minecraft:dirt":27,"minecraft:smooth_basalt":1,"minecraft:dispenser":1,"minecraft:piston":2,"minecraft:oak_leaves":9,"minecraft:deepslate":195,"biomesoplenty:glowing_moss_block":2,"alexscaves:spelunkery_table":3,"minecraft:crying_obsidian":2,"minecraft:tuff":55,"minecraft:mossy_cobblestone":3,"croptopia:kale_crop":1,"minecraft:deepslate_diamond_ore":50,"minecraft:candle":1,"biomesoplenty:desert_grass":1,"minecraft:glow_lichen":4,"biomesoplenty:bush":1,"minecraft:redstone_wire":2,"minecraft:spruce_leaves":176,"minecraft:moss_block":2,"minecraft:large_fern":1,"croptopia:barley_crop":1,"minecraft:hay_block":24,"minecraft:furnace":1,"minecraft:carrots":15,"biomesoplenty:toadstool":1,"supplementaries:bamboo_spikes":1,"croptopia:corn_crop":1,"minecraft:detector_rail":2,"spelunkers_charm:deepslate_rock_pile_2":1,"minecraft:bookshelf":1,"biomesoplenty:high_grass":3,"minecraft:deepslate_iron_ore":10,"minecraft:rail":4,"minecraft:lantern":3,"minecraft:white_tulip":3,"minecraft:stone":413,"sophisticatedbackpacks:backpack":1,"minecraft:smithing_table":1,"minecraft:stripped_dark_oak_log":1,"minecraft:dandelion":1,"croptopia:sweetpotato_crop":1,"minecraft:oak_fence":4,"minecraft:crafting_table":10,"minecraft:copper_ore":18,"biomesoplenty:high_grass_plant":2,"minecraft:tall_grass":1,"minecraft:lapis_ore":2,"biomesoplenty:sprout":20,"minecraft:deepslate_gold_ore":10,"minecraft:sculk":356,"minecraft:blue_bed":1,"minecraft:big_dripleaf":1,"supplementaries:urn":33,"minecraft:purple_bed":4,"minecraft:redstone_torch":1,"minecraft:spruce_log":225,"minecraft:yellow_bed":1,"minecraft:coal_ore":78,"croptopia:blackberry_crop":1,"minecraft:sunflower":4,"minecraft:gravel":21,"minecraft:cobweb":41,"minecraft:gold_ore":14,"minecraft:chipped_anvil":1},"minecraft:killed_by":{"alexsmobs:murmur_head":1,"minecraft:zombie":1,"minecraft:enderman":1,"alexsmobs:centipede_head":2,"minecraft:skeleton":2},"minecraft:dropped":{"minecraft:iron_sword":1,"croptopia:turmeric":1,"minecraft:orange_dye":1,"minecraft:lapis_lazuli":3,"minecraft:glow_ink_sac":3,"minecraft:diamond":4,"minecraft:orange_tulip":2,"minecraft:leather":4,"minecraft:chest_minecart":1,"croptopia:chile_pepper_seed":2,"farmersdelight:rice":6,"sophisticatedbackpacks:gold_backpack":5,"minecraft:dirt":55,"minecraft:yellow_dye":1,"croptopia:sweetpotato_seed":1,"alexscaves:cave_map":2,"minecraft:amethyst_shard":1,"minecraft:bone_meal":162,"minecraft:sunflower":1,"minecraft:iron_pickaxe":1,"croptopia:mustard_seed":4,"minecraft:bone":35,"minecraft:gravel":1,"minecraft:white_tulip":4,"croptopia:olive_seed":6,"minecraft:stone_axe":4,"minecraft:compass":2,"minecraft:spyglass":4,"minecraft:lever":1,"alexsmobs:gazelle_horn":8,"minecraft:iron_nugget":8,"minecraft:cobbled_deepslate":62,"alexscaves:cave_tablet":3,"minecraft:wheat":2,"minecraft:rotten_flesh":6,"croptopia:chile_pepper":1,"minecraft:oak_planks":17,"minecraft:golden_shovel":2,"minecraft:poppy":2,"minecraft:leather_chestplate":1,"supplementaries:flax_seeds":3,"supplementaries:ash":5,"minecraft:skeleton_skull":1,"minecraft:melon_seeds":3,"spelunkers_charm:rock":3,"minecraft:chest":1,"minecraft:arrow":6,"minecraft:acacia_fence":1,"croptopia:mustard":1,"farmersdelight:tomato_seeds":11,"minecraft:water_bucket":1,"minecraft:iron_ingot":7,"minecraft:bread":1,"minecraft:wheat_seeds":19,"minecraft:lilac":12,"minecraft:mossy_cobblestone":1,"croptopia:kale":4,"minecraft:oak_fence":3,"minecraft:cobblestone":259,"croptopia:sweetpotato":1,"croptopia:blackberry":3,"croptopia:raspberry":2,"minecraft:golden_apple":1,"minecraft:stick":23,"minecraft:iron_block":3,"croptopia:kale_seed":2,"croptopia:greenbean":1,"farmersdelight:cooking_pot":1,"minecraft:melon_slice":88,"minecraft:rose_bush":1,"minecraft:iron_leggings":3,"minecraft:iron_axe":1,"croptopia:turmeric_seed":1,"minecraft:paper":39,"minecraft:string":15,"minecraft:bucket":1,"minecraft:acacia_planks":2,"minecraft:pink_tulip":1,"minecraft:dandelion":1,"croptopia:glowing_calamari":1,"minecraft:coarse_dirt":9,"minecraft:tuff":6,"croptopia:blackberry_seed":9,"supplementaries:bomb":2,"minecraft:chicken":2,"croptopia:raspberry_seed":1,"minecraft:iron_hoe":1,"alexsmobs:ancient_dart":1,"minecraft:name_tag":1,"minecraft:pumpkin_seeds":11,"minecraft:lily_of_the_valley":3,"minecraft:potato":12,"minecraft:hay_block":110,"minecraft:diamond_chestplate":1,"croptopia:kiwi_seed":2,"minecraft:spruce_trapdoor":2,"minecraft:spruce_planks":4,"minecraft:iron_chestplate":1,"minecraft:yellow_bed":1,"minecraft:oak_sapling":3,"minecraft:spruce_log":1,"minecraft:magenta_dye":4,"minecraft:wooden_pickaxe":2,"minecraft:raw_gold":39,"minecraft:red_tulip":3,"minecraft:magma_block":2},"minecraft:broken":{"minecraft:iron_boots":1,"minecraft:stone_pickaxe":2,"spelunkers_charm:candle_helmet":1,"minecraft:iron_sword":2,"minecraft:iron_hoe":1,"minecraft:golden_hoe":1,"minecraft:iron_axe":1,"minecraft:iron_pickaxe":3,"minecraft:iron_helmet":1},"minecraft:custom":{"minecraft:interact_with_crafting_table":65,"minecraft:open_barrel":17,"minecraft:bell_ring":6,"minecraft:leave_game":21,"minecraft:time_since_death":26166,"minecraft:sprint_one_cm":1447673,"minecraft:damage_blocked_by_shield":4820,"minecraft:drop":220,"minecraft:talked_to_villager":16,"minecraft:play_time":645411,"minecraft:deaths":10,"minecraft:jump":8333,"minecraft:walk_on_water_one_cm":108286,"minecraft:interact_with_furnace":68,"minecraft:traded_with_villager":3,"minecraft:interact_with_loom":13,"minecraft:sleep_in_bed":6,"minecraft:damage_dealt":19801,"minecraft:crouch_one_cm":62486,"minecraft:interact_with_smithing_table":3,"minecraft:interact_with_anvil":5,"minecraft:mob_kills":122,"minecraft:climb_one_cm":430,"minecraft:walk_one_cm":944809,"minecraft:sneak_time":27121,"minecraft:walk_under_water_one_cm":83940,"minecraft:interact_with_blast_furnace":15,"minecraft:total_world_time":645411,"minecraft:time_since_rest":26204,"minecraft:damage_absorbed":8,"minecraft:damage_taken":10349,"minecraft:swim_one_cm":136802,"minecraft:fly_one_cm":1686116,"minecraft:open_chest":141,"minecraft:aviate_one_cm":360118,"minecraft:fall_one_cm":278474},"minecraft:killed":{"minecraft:cave_spider":10,"minecraft:spider":6,"alexsmobs:murmur":2,"minecraft:skeleton":20,"alexsmobs:centipede_head":2,"minecraft:pig":8,"minecraft:sheep":1,"minecraft:zombie":40,"takesapillage:archer":1,"minecraft:cow":8,"takesapillage:legioner":1,"minecraft:drowned":1,"alexsmobs:catfish":2,"alexsmobs:gazelle":8,"minecraft:enderman":1},"minecraft:picked_up":{"minecraft:wooden_axe":1,"minecraft:iron_chestplate":6,"minecraft:wheat":62,"minecraft:anvil":1,"croptopia:kale":4,"minecraft:smithing_table":1,"minecraft:oak_stairs":1,"minecraft:enchanted_book":2,"minecraft:golden_shovel":4,"minecraft:amethyst_block":10,"alexsmobs:gazelle_horn":8,"minecraft:string":61,"minecraft:raw_copper":79,"alexsmobs:ancient_dart":1,"minecraft:iron_leggings":8,"minecraft:sticky_piston":3,"minecraft:activator_rail":3,"minecraft:cobbled_deepslate":244,"bosses_of_mass_destruction:soul_star":1,"minecraft:spruce_planks":10,"minecraft:white_tulip":4,"minecraft:rose_bush":1,"minecraft:iron_pickaxe":5,"croptopia:mustard_seed":4,"minecraft:melon_slice":192,"farmersdelight:cabbage_seeds":9,"minecraft:iron_boots":4,"minecraft:furnace":3,"minecraft:tipped_arrow":2,"minecraft:stick":35,"minecraft:acacia_fence":1,"minecraft:composter":4,"minecraft:oak_fence":3,"minecraft:torch":39,"croptopia:blackberry_seed":9,"minecraft:acacia_log":7,"supplementaries:bamboo_spikes_tipped":1,"minecraft:porkchop":33,"croptopia:olive_seed":6,"alexsmobs:centipede_leg":2,"minecraft:rotten_flesh":34,"farmersdelight:onion":6,"croptopia:raspberry_seed":1,"minecraft:red_tulip":3,"minecraft:iron_block":7,"farmersdelight:rope":47,"supplementaries:ash":49,"minecraft:obsidian":12,"minecraft:cobblestone":810,"minecraft:enchanting_table":2,"minecraft:magma_block":24,"minecraft:leather_chestplate":2,"farmersdelight:rice":12,"minecraft:lilac":16,"minecraft:repeater":3,"minecraft:water_bucket":7,"minecraft:potato":17,"minecraft:flint":4,"minecraft:tuff":129,"supplementaries:flax_seeds":9,"minecraft:lapis_lazuli":75,"minecraft:dirt":210,"minecraft:lantern":5,"minecraft:name_tag":4,"croptopia:kiwi_seed":2,"minecraft:leather_boots":2,"minecraft:bone":73,"minecraft:chipped_anvil":1,"croptopia:corn":1,"minecraft:acacia_planks":14,"croptopia:sweetpotato":1,"minecraft:bow":3,"minecraft:wheat_seeds":23,"minecraft:orange_tulip":3,"minecraft:raw_gold":3,"croptopia:bellpepper":1,"minecraft:powered_rail":7,"croptopia:kale_seed":2,"minecraft:oak_planks":58,"croptopia:chile_pepper_seed":2,"endrem:lost_eye":2,"croptopia:turmeric":1,"croptopia:mustard":1,"croptopia:blackberry":3,"minecraft:melon":9,"sophisticatedbackpacks:iron_backpack":6,"spelunkers_charm:candle_on_helmet":1,"minecraft:grass_block":2,"minecraft:lily_of_the_valley":3,"minecraft:mossy_cobblestone":2,"croptopia:chile_pepper":1,"minecraft:dispenser":1,"croptopia:hops_seed":2,"minecraft:diamond":37,"minecraft:lever":1,"minecraft:bone_meal":319,"minecraft:golden_apple":1,"minecraft:emerald":39,"minecraft:bread":206,"alexsmobs:maggot":1,"minecraft:oak_sapling":6,"sophisticatedbackpacks:gold_backpack":10,"minecraft:coarse_dirt":18,"minecraft:crafting_table":11,"minecraft:chicken":2,"minecraft:chest_minecart":2,"croptopia:sweetpotato_seed":2,"minecraft:wooden_pickaxe":4,"spelunkers_charm:deepslate_rock":4,"minecraft:shield":4,"alexscaves:cave_codex":1,"minecraft:red_bed":1,"minecraft:iron_axe":7,"minecraft:flint_and_steel":1,"minecraft:compass":1,"croptopia:bellpepper_seed":3,"minecraft:blackstone":12,"supplementaries:bomb":4,"minecraft:candle":3,"minecraft:detector_rail":12,"minecraft:beef":35,"alexsmobs:elastic_tendon":1,"minecraft:iron_nugget":28,"minecraft:poppy":3,"minecraft:minecart":1,"supplementaries:rope":14,"minecraft:chest":1,"minecraft:spruce_trapdoor":2,"minecraft:raw_iron":84,"sophisticatedbackpacks:backpack":10,"farmersdelight:tomato_seeds":11,"minecraft:carrot":54,"minecraft:redstone":9,"minecraft:arrow":16,"minecraft:diamond_chestplate":2,"minecraft:hay_block":141,"alexscaves:spelunkery_table":2,"minecraft:pink_tulip":2,"sophisticatedbackpacks:copper_backpack":2,"minecraft:glow_berries":10,"minecraft:mutton":15,"minecraft:skeleton_skull":1,"minecraft:white_wool":1,"minecraft:rail":17,"minecraft:glow_ink_sac":28,"minecraft:leather":23,"croptopia:glowing_calamari":9,"spelunkers_charm:old_miners_bundle":5,"minecraft:oak_log":4,"minecraft:golden_boots":2,"minecraft:yellow_bed":1,"minecraft:gunpowder":2,"minecraft:blue_bed":1,"minecraft:paper":43,"minecraft:white_banner":1,"croptopia:olive":2,"croptopia:barley":2,"minecraft:apple":8,"farmersdelight:cooking_pot":2,"minecraft:spruce_wood":14,"minecraft:iron_ingot":18,"croptopia:raspberry":2,"minecraft:stone_pickaxe":3,"minecraft:cobweb":6,"minecraft:iron_sword":6,"croptopia:kiwi":2,"sophisticatedbackpacks:diamond_backpack":1,"minecraft:smooth_basalt":1,"minecraft:sculk":20,"minecraft:red_wool":1,"minecraft:dandelion":1,"minecraft:spyglass":5,"minecraft:raw_iron_block":90,"minecraft:gravel":11,"croptopia:hops":1,"alexsmobs:tarantula_hawk_elytra":1,"minecraft:amethyst_shard":5,"croptopia:turmeric_seed":1,"minecraft:spruce_sapling":70,"minecraft:blast_furnace":1,"minecraft:spruce_log":223,"minecraft:crying_obsidian":2,"biomesoplenty:glowing_moss_block":1,"minecraft:spider_eye":2,"alexsmobs:raw_catfish":9,"minecraft:pumpkin_seeds":14,"minecraft:purple_bed":4,"minecraft:stone_axe":7,"minecraft:iron_helmet":4,"croptopia:greenbean":1,"minecraft:gray_wool":1,"alexscaves:cave_map":2,"minecraft:melon_seeds":3,"spelunkers_charm:rock":4,"minecraft:stripped_dark_oak_log":1,"minecraft:coal":239,"minecraft:hopper":4,"minecraft:sunflower":4,"minecraft:ender_pearl":1},"minecraft:crafted":{"minecraft:oak_planks":16,"sophisticatedbackpacks:crafting_upgrade":1,"minecraft:iron_boots":2,"minecraft:chest":4,"minecraft:magenta_dye":6,"sophisticatedbackpacks:backpack":2,"minecraft:emerald":3,"minecraft:crafting_table":6,"minecraft:spruce_planks":88,"minecraft:wooden_pickaxe":1,"minecraft:iron_helmet":2,"sophisticatedbackpacks:advanced_feeding_upgrade":1,"minecraft:copper_ingot":78,"minecraft:fletching_table":1,"sophisticatedbackpacks:feeding_upgrade":1,"sophisticatedbackpacks:upgrade_base":1,"minecraft:iron_chestplate":2,"minecraft:book":1,"minecraft:diamond_pickaxe":1,"minecraft:yellow_dye":2,"minecraft:shield":1,"sophisticatedbackpacks:diamond_backpack":4,"minecraft:stick":56,"minecraft:iron_ingot":311,"minecraft:iron_pickaxe":1,"minecraft:iron_block":25,"sophisticatedbackpacks:blasting_upgrade":1,"sophisticatedbackpacks:advanced_pickup_upgrade":1,"minecraft:golden_carrot":1,"minecraft:raw_iron":227,"minecraft:spyglass":3,"minecraft:furnace":3,"sophisticatedbackpacks:stack_upgrade_starter_tier":1,"minecraft:bone_meal":9,"minecraft:pink_dye":1,"minecraft:flint_and_steel":2,"minecraft:iron_axe":1,"minecraft:iron_hoe":2,"minecraft:stone_pickaxe":2,"minecraft:glistering_melon_slice":1,"minecraft:wheat":198,"minecraft:red_dye":1,"minecraft:enchanting_table":1,"minecraft:iron_sword":2,"minecraft:bucket":2,"minecraft:stone_axe":1,"minecraft:orange_dye":1,"minecraft:bread":83,"minecraft:air":0,"sophisticatedbackpacks:pickup_upgrade":1,"minecraft:wooden_axe":1,"minecraft:iron_leggings":3,"minecraft:anvil":1,"minecraft:acacia_planks":28,"minecraft:torch":16,"minecraft:lapis_lazuli":9,"minecraft:diamond_chestplate":1}},"DataVersion":3465}