{"stats":{"minecraft:broken":{"minecraft:wooden_pickaxe":1},"minecraft:mined":{"minecraft:spruce_planks":1,"minecraft:white_bed":6,"minecraft:kelp_plant":2,"minecraft:spruce_door":2,"minecraft:crafting_table":1,"minecraft:torch":3,"minecraft:calcite":1,"minecraft:grass_block":63,"minecraft:spruce_fence":2,"biomesoplenty:high_grass_plant":2,"biomesoplenty:sprout":4,"minecraft:spruce_leaves":2,"minecraft:kelp":1,"minecraft:diorite":2,"minecraft:spruce_stairs":1,"minecraft:sweet_berry_bush":7,"minecraft:lilac":3,"minecraft:spruce_log":19,"biomesoplenty:fir_log":58,"minecraft:bee_nest":1,"minecraft:grass":2,"biomesoplenty:fir_leaves":3,"minecraft:dirt_path":2,"minecraft:dirt":8,"croptopia:rutabaga_crop":1,"minecraft:spruce_wood":1,"minecraft:stone":75,"minecraft:stone_bricks":4,"minecraft:spruce_slab":2},"minecraft:picked_up":{"minecraft:crafting_table":1,"minecraft:allium":4,"minecraft:lilac":3,"minecraft:cooked_beef":1,"minecraft:salmon":10,"biomesoplenty:fir_log":58,"minecraft:stripped_spruce_wood":1,"minecraft:dirt":74,"minecraft:string":1,"minecraft:stone_bricks":4,"minecraft:kelp":6,"minecraft:wheat_seeds":2,"minecraft:spruce_planks":16,"minecraft:spruce_wood":1,"minecraft:calcite":3,"minecraft:spruce_slab":2,"croptopia:mustard_seed":2,"croptopia:roe":27,"minecraft:stick":1,"minecraft:sweet_berries":10,"croptopia:rutabaga":1,"minecraft:torch":3,"croptopia:mustard":1,"minecraft:spruce_stairs":5,"minecraft:spruce_fence":2,"croptopia:rutabaga_seed":2,"minecraft:diorite":3,"minecraft:white_bed":6,"minecraft:spruce_log":15,"minecraft:spruce_door":2,"minecraft:stone_shovel":1,"minecraft:cactus":2,"minecraft:tropical_fish":1,"farmersdelight:onion":4,"minecraft:bone_meal":5,"minecraft:mutton":2,"minecraft:cod":13,"minecraft:white_wool":1,"minecraft:cobblestone":75,"minecraft:sunflower":2},"minecraft:crafted":{"minecraft:wooden_sword":1,"minecraft:cooked_cod":13,"minecraft:stone_shovel":1,"minecraft:crafting_table":3,"minecraft:spruce_planks":60,"minecraft:wooden_pickaxe":4,"minecraft:furnace":1,"minecraft:cooked_salmon":10,"minecraft:stone_axe":1,"minecraft:air":0,"minecraft:stick":32,"minecraft:stone_pickaxe":6},"minecraft:dropped":{"minecraft:bread":1,"minecraft:kelp":6,"minecraft:wheat_seeds":2,"minecraft:cooked_beef":1,"minecraft:lilac":1,"minecraft:stone_shovel":1,"minecraft:spruce_fence":2,"minecraft:dirt":2,"minecraft:allium":4,"minecraft:spruce_wood":1,"croptopia:roe":1,"farmersdelight:onion":2,"minecraft:spruce_slab":2,"minecraft:sunflower":2,"minecraft:bone_meal":5,"croptopia:mustard_seed":2,"minecraft:calcite":3,"minecraft:stripped_spruce_wood":1,"minecraft:string":1},"minecraft:custom":{"minecraft:interact_with_furnace":17,"minecraft:mob_kills":26,"minecraft:interact_with_crafting_table":16,"minecraft:interact_with_grindstone":1,"minecraft:time_since_death":73273,"minecraft:sleep_in_bed":6,"minecraft:time_since_rest":2260,"minecraft:sprint_one_cm":83529,"minecraft:damage_taken":895,"minecraft:walk_one_cm":278993,"minecraft:drop":37,"minecraft:damage_dealt":1167,"minecraft:swim_one_cm":136171,"minecraft:fly_one_cm":131446,"minecraft:open_chest":19,"minecraft:crouch_one_cm":19771,"minecraft:play_time":73273,"minecraft:sneak_time":6853,"minecraft:walk_under_water_one_cm":33586,"minecraft:jump":1156,"minecraft:interact_with_brewingstand":1,"minecraft:walk_on_water_one_cm":17647,"minecraft:total_world_time":73273,"minecraft:fall_one_cm":29641},"minecraft:used":{"minecraft:diorite":3,"minecraft:spruce_door":1,"minecraft:tropical_fish":1,"minecraft:stone_shovel":60,"minecraft:stone_pickaxe":17,"minecraft:cactus":2,"minecraft:spruce_planks":12,"minecraft:wooden_pickaxe":65,"minecraft:cooked_salmon":3,"minecraft:stick":1,"minecraft:torch":3,"minecraft:dirt":68,"minecraft:crafting_table":4,"minecraft:white_bed":5,"minecraft:bread":9,"minecraft:lilac":2,"minecraft:stone_bricks":4,"minecraft:stone_axe":78,"minecraft:wooden_sword":46,"minecraft:cobblestone":43,"minecraft:sweet_berries":10,"minecraft:furnace":1,"minecraft:cooked_beef":3},"minecraft:killed":{"minecraft:salmon":10,"minecraft:spider":1,"minecraft:cod":13,"minecraft:sheep":1}},"DataVersion":3465}