{"stats":{"minecraft:broken":{"minecraft:wooden_pickaxe":1,"minecraft:stone_pickaxe":2},"minecraft:mined":{"alexscaves:spelunkery_table":1,"minecraft:tuff":9,"minecraft:spruce_planks":1,"minecraft:white_bed":6,"minecraft:spruce_fence":2,"minecraft:grass_block":63,"minecraft:spruce_leaves":2,"minecraft:kelp":1,"minecraft:moss_block":4,"minecraft:spawner":1,"minecraft:oak_trapdoor":4,"minecraft:iron_ore":36,"minecraft:barrel":1,"minecraft:deepslate_iron_ore":5,"minecraft:bookshelf":3,"minecraft:dirt_path":2,"minecraft:spruce_wood":1,"minecraft:stone":212,"minecraft:spruce_slab":2,"minecraft:kelp_plant":2,"minecraft:spruce_door":2,"minecraft:crafting_table":1,"minecraft:clay":5,"minecraft:torch":6,"minecraft:calcite":1,"biomesoplenty:high_grass_plant":2,"minecraft:copper_ore":5,"minecraft:cobblestone":2,"minecraft:deepslate_gold_ore":6,"biomesoplenty:sprout":4,"minecraft:lapis_ore":4,"minecraft:oak_planks":2,"minecraft:diorite":2,"minecraft:wall_torch":5,"supplementaries:urn":5,"minecraft:spruce_stairs":1,"spelunkers_charm:rock_pile_3":1,"minecraft:sweet_berry_bush":7,"minecraft:lilac":3,"minecraft:spruce_log":19,"biomesoplenty:fir_log":58,"minecraft:bee_nest":1,"minecraft:grass":2,"minecraft:coal_ore":24,"biomesoplenty:fir_leaves":3,"minecraft:dirt":8,"croptopia:rutabaga_crop":1,"minecraft:cobweb":3,"minecraft:stone_bricks":4,"minecraft:deepslate":18},"minecraft:picked_up":{"minecraft:crafting_table":1,"minecraft:allium":4,"minecraft:clay_ball":16,"alexscaves:cave_tablet":13,"minecraft:enchanted_book":6,"alexscaves:cave_codex":3,"minecraft:oak_trapdoor":4,"minecraft:string":5,"minecraft:raw_copper":19,"minecraft:cobbled_deepslate":17,"minecraft:bucket":2,"minecraft:spruce_planks":16,"minecraft:music_disc_otherside":2,"minecraft:calcite":3,"minecraft:iron_pickaxe":1,"croptopia:mustard_seed":2,"minecraft:spruce_slab":2,"supplementaries:rope":51,"minecraft:stick":1,"minecraft:raw_iron":46,"minecraft:torch":104,"croptopia:rutabaga":1,"minecraft:spruce_stairs":5,"minecraft:spruce_fence":2,"minecraft:diorite":3,"minecraft:rotten_flesh":4,"minecraft:arrow":7,"minecraft:cactus":2,"minecraft:stone_shovel":3,"minecraft:tropical_fish":1,"farmersdelight:onion":4,"alexscaves:spelunkery_table":3,"supplementaries:quiver":2,"supplementaries:ash":12,"alexsmobs:ghostly_pickaxe":3,"minecraft:mutton":2,"minecraft:cod":13,"minecraft:white_wool":1,"minecraft:cobblestone":207,"minecraft:cooked_beef":1,"minecraft:lilac":3,"minecraft:salmon":10,"biomesoplenty:fir_log":132,"minecraft:tuff":11,"minecraft:stripped_spruce_wood":1,"supplementaries:flax_seeds":1,"minecraft:paper":55,"minecraft:lapis_lazuli":92,"minecraft:dirt":74,"minecraft:name_tag":1,"minecraft:cooked_mutton":4,"minecraft:bone":9,"minecraft:stone_bricks":4,"minecraft:kelp":6,"minecraft:bow":3,"minecraft:wheat_seeds":2,"minecraft:raw_gold":6,"minecraft:iron_ingot":28,"minecraft:spruce_wood":1,"minecraft:stone_pickaxe":11,"croptopia:roe":79,"minecraft:moss_block":3,"minecraft:iron_sword":2,"minecraft:book":46,"minecraft:sweet_berries":10,"croptopia:mustard":1,"croptopia:rutabaga_seed":2,"spelunkers_charm:candle_on_helmet":3,"minecraft:white_bed":8,"minecraft:spruce_log":15,"alexsmobs:animal_dictionary":2,"minecraft:barrel":1,"minecraft:spruce_door":2,"minecraft:stone_axe":2,"minecraft:iron_helmet":4,"minecraft:bone_meal":5,"minecraft:bread":4,"spelunkers_charm:rock":3,"minecraft:coal":24,"minecraft:sunflower":2},"minecraft:killed_by":{"minecraft:spider":1,"alexsmobs:centipede_head":2},"minecraft:crafted":{"minecraft:wooden_sword":1,"minecraft:stone_shovel":1,"minecraft:furnace":3,"minecraft:cooked_mutton":2,"minecraft:stone_pickaxe":6,"minecraft:cooked_cod":13,"minecraft:crafting_table":6,"minecraft:spruce_planks":60,"minecraft:wooden_pickaxe":4,"minecraft:iron_sword":1,"minecraft:cooked_salmon":10,"minecraft:stone_axe":1,"minecraft:air":0,"biomesoplenty:fir_planks":36,"minecraft:charcoal":9,"minecraft:stick":48,"minecraft:iron_ingot":19,"minecraft:iron_pickaxe":1,"minecraft:stone_sword":1,"minecraft:torch":36},"minecraft:dropped":{"minecraft:bread":1,"minecraft:moss_block":3,"minecraft:wheat_seeds":2,"croptopia:rutabaga":1,"minecraft:cooked_beef":1,"minecraft:lilac":1,"minecraft:book":2,"minecraft:spruce_door":1,"minecraft:stick":5,"minecraft:dirt":6,"minecraft:torch":2,"farmersdelight:onion":4,"minecraft:wooden_sword":1,"minecraft:bone_meal":5,"minecraft:sunflower":2,"croptopia:rutabaga_seed":2,"croptopia:mustard_seed":2,"minecraft:string":5,"minecraft:white_wool":1,"minecraft:bone":9,"minecraft:kelp":6,"minecraft:oak_trapdoor":4,"minecraft:stone_sword":1,"minecraft:raw_copper":4,"minecraft:tuff":11,"minecraft:stone_shovel":1,"minecraft:rotten_flesh":2,"minecraft:clay_ball":16,"minecraft:spruce_fence":2,"supplementaries:flax_seeds":1,"minecraft:allium":4,"spelunkers_charm:rock":3,"minecraft:spruce_wood":1,"croptopia:roe":1,"farmersdelight:rope":7,"minecraft:barrel":1,"minecraft:spruce_slab":2,"minecraft:stone_pickaxe":1,"minecraft:wooden_pickaxe":3,"minecraft:calcite":3,"minecraft:stripped_spruce_wood":1,"croptopia:mustard":1},"minecraft:custom":{"minecraft:mob_kills":43,"minecraft:interact_with_crafting_table":21,"minecraft:time_since_death":5899,"minecraft:climb_one_cm":118,"minecraft:sprint_one_cm":239380,"minecraft:walk_one_cm":457102,"minecraft:drop":78,"minecraft:deaths":3,"minecraft:play_time":151273,"minecraft:sneak_time":15087,"minecraft:walk_under_water_one_cm":35537,"minecraft:jump":1895,"minecraft:interact_with_brewingstand":1,"minecraft:walk_on_water_one_cm":25097,"minecraft:total_world_time":151273,"minecraft:interact_with_furnace":35,"minecraft:interact_with_loom":1,"minecraft:interact_with_grindstone":1,"minecraft:sleep_in_bed":6,"minecraft:time_since_rest":5925,"minecraft:damage_taken":2723,"minecraft:damage_dealt":4376,"minecraft:swim_one_cm":136304,"minecraft:fly_one_cm":196494,"minecraft:open_chest":21,"minecraft:crouch_one_cm":35020,"minecraft:fall_one_cm":45197},"minecraft:used":{"minecraft:tropical_fish":1,"minecraft:stone_shovel":61,"minecraft:spruce_planks":12,"minecraft:iron_sword":93,"minecraft:cooked_salmon":10,"minecraft:stick":1,"minecraft:torch":51,"minecraft:dirt":68,"minecraft:stone_bricks":4,"minecraft:bow":6,"minecraft:sweet_berries":10,"minecraft:furnace":3,"minecraft:cooked_cod":13,"minecraft:cooked_beef":3,"minecraft:cobbled_deepslate":11,"minecraft:cooked_mutton":1,"minecraft:diorite":3,"minecraft:spruce_door":1,"minecraft:stone_pickaxe":279,"minecraft:cactus":2,"minecraft:wooden_pickaxe":78,"biomesoplenty:fir_planks":20,"minecraft:crafting_table":7,"minecraft:white_bed":5,"minecraft:bread":9,"minecraft:iron_pickaxe":23,"minecraft:lilac":2,"minecraft:stone_axe":89,"minecraft:wooden_sword":48,"minecraft:cobblestone":156},"minecraft:killed":{"minecraft:spider":4,"minecraft:cod":13,"minecraft:skeleton":6,"alexsmobs:underminer":1,"minecraft:salmon":10,"minecraft:sheep":1,"minecraft:zombie":5}},"DataVersion":3465}