{"stats":{"minecraft:broken":{"minecraft:wooden_pickaxe":1,"minecraft:stone_pickaxe":1},"minecraft:mined":{"minecraft:spruce_planks":1,"minecraft:white_bed":6,"minecraft:spruce_fence":2,"minecraft:grass_block":63,"minecraft:spruce_leaves":2,"minecraft:kelp":1,"minecraft:moss_block":4,"minecraft:iron_ore":36,"minecraft:dirt_path":2,"minecraft:spruce_wood":1,"minecraft:stone":209,"minecraft:spruce_slab":2,"minecraft:kelp_plant":2,"minecraft:spruce_door":2,"minecraft:crafting_table":1,"minecraft:clay":5,"minecraft:torch":4,"minecraft:calcite":1,"biomesoplenty:high_grass_plant":2,"minecraft:copper_ore":5,"minecraft:cobblestone":1,"biomesoplenty:sprout":4,"minecraft:lapis_ore":4,"minecraft:diorite":2,"minecraft:wall_torch":3,"supplementaries:urn":5,"minecraft:spruce_stairs":1,"spelunkers_charm:rock_pile_3":1,"minecraft:sweet_berry_bush":7,"minecraft:lilac":3,"minecraft:spruce_log":19,"biomesoplenty:fir_log":58,"minecraft:bee_nest":1,"minecraft:grass":2,"minecraft:coal_ore":24,"biomesoplenty:fir_leaves":3,"minecraft:dirt":8,"croptopia:rutabaga_crop":1,"minecraft:cobweb":1,"minecraft:stone_bricks":4},"minecraft:picked_up":{"minecraft:crafting_table":1,"minecraft:allium":4,"minecraft:clay_ball":16,"minecraft:string":2,"minecraft:raw_copper":19,"minecraft:spruce_planks":16,"minecraft:calcite":3,"croptopia:mustard_seed":2,"minecraft:spruce_slab":2,"minecraft:stick":1,"minecraft:raw_iron":36,"minecraft:torch":11,"croptopia:rutabaga":1,"minecraft:spruce_stairs":5,"minecraft:spruce_fence":2,"minecraft:diorite":3,"minecraft:arrow":2,"minecraft:cactus":2,"minecraft:stone_shovel":1,"minecraft:tropical_fish":1,"farmersdelight:onion":4,"supplementaries:ash":4,"minecraft:mutton":2,"minecraft:cod":13,"minecraft:white_wool":1,"minecraft:cobblestone":203,"minecraft:cooked_beef":1,"minecraft:lilac":3,"minecraft:salmon":10,"biomesoplenty:fir_log":58,"minecraft:stripped_spruce_wood":1,"supplementaries:flax_seeds":1,"minecraft:lapis_lazuli":23,"minecraft:dirt":74,"minecraft:bone":7,"minecraft:stone_bricks":4,"minecraft:kelp":6,"minecraft:bow":1,"minecraft:wheat_seeds":2,"minecraft:spruce_wood":1,"croptopia:roe":27,"minecraft:moss_block":3,"minecraft:sweet_berries":10,"croptopia:mustard":1,"croptopia:rutabaga_seed":2,"minecraft:white_bed":6,"minecraft:spruce_log":15,"minecraft:spruce_door":2,"minecraft:bone_meal":5,"spelunkers_charm:rock":3,"minecraft:coal":24,"minecraft:sunflower":2},"minecraft:crafted":{"minecraft:wooden_sword":1,"minecraft:stone_shovel":1,"minecraft:furnace":3,"minecraft:cooked_mutton":2,"minecraft:stone_pickaxe":6,"minecraft:cooked_cod":13,"minecraft:crafting_table":6,"minecraft:spruce_planks":60,"minecraft:wooden_pickaxe":4,"minecraft:iron_sword":1,"minecraft:cooked_salmon":10,"minecraft:stone_axe":1,"minecraft:air":0,"biomesoplenty:fir_planks":16,"minecraft:charcoal":9,"minecraft:stick":48,"minecraft:iron_ingot":19,"minecraft:iron_pickaxe":1,"minecraft:stone_sword":1,"minecraft:torch":36},"minecraft:dropped":{"minecraft:bread":1,"minecraft:moss_block":3,"minecraft:wheat_seeds":2,"croptopia:rutabaga":1,"minecraft:cooked_beef":1,"minecraft:lilac":1,"minecraft:spruce_door":1,"minecraft:stick":5,"minecraft:dirt":6,"farmersdelight:onion":4,"minecraft:wooden_sword":1,"minecraft:bone_meal":5,"minecraft:sunflower":2,"croptopia:rutabaga_seed":2,"croptopia:mustard_seed":2,"minecraft:string":1,"minecraft:white_wool":1,"minecraft:bone":5,"minecraft:kelp":6,"minecraft:raw_copper":4,"minecraft:stone_shovel":1,"minecraft:clay_ball":16,"minecraft:spruce_fence":2,"supplementaries:flax_seeds":1,"minecraft:allium":4,"spelunkers_charm:rock":3,"minecraft:spruce_wood":1,"croptopia:roe":1,"minecraft:spruce_slab":2,"minecraft:wooden_pickaxe":3,"minecraft:calcite":3,"minecraft:stripped_spruce_wood":1,"croptopia:mustard":1},"minecraft:custom":{"minecraft:mob_kills":27,"minecraft:interact_with_crafting_table":21,"minecraft:time_since_death":103273,"minecraft:climb_one_cm":99,"minecraft:sprint_one_cm":176035,"minecraft:walk_one_cm":359748,"minecraft:drop":63,"minecraft:play_time":103273,"minecraft:sneak_time":12842,"minecraft:walk_under_water_one_cm":33586,"minecraft:jump":1482,"minecraft:interact_with_brewingstand":1,"minecraft:walk_on_water_one_cm":17647,"minecraft:total_world_time":103273,"minecraft:interact_with_furnace":34,"minecraft:interact_with_grindstone":1,"minecraft:sleep_in_bed":6,"minecraft:time_since_rest":32260,"minecraft:damage_taken":1050,"minecraft:damage_dealt":1367,"minecraft:swim_one_cm":136171,"minecraft:fly_one_cm":164067,"minecraft:open_chest":19,"minecraft:crouch_one_cm":30304,"minecraft:fall_one_cm":35443},"minecraft:used":{"minecraft:tropical_fish":1,"minecraft:stone_shovel":61,"minecraft:spruce_planks":12,"minecraft:iron_sword":9,"minecraft:cooked_salmon":8,"minecraft:stick":1,"minecraft:torch":8,"minecraft:dirt":68,"minecraft:stone_bricks":4,"minecraft:sweet_berries":10,"minecraft:furnace":3,"minecraft:cooked_beef":3,"minecraft:diorite":3,"minecraft:spruce_door":1,"minecraft:stone_pickaxe":218,"minecraft:cactus":2,"minecraft:wooden_pickaxe":78,"minecraft:crafting_table":7,"minecraft:white_bed":5,"minecraft:bread":9,"minecraft:lilac":2,"minecraft:stone_axe":78,"minecraft:wooden_sword":48,"minecraft:cobblestone":76},"minecraft:killed":{"minecraft:spider":1,"minecraft:cod":13,"minecraft:skeleton":1,"minecraft:salmon":10,"minecraft:sheep":1}},"DataVersion":3465}