{"stats":{"minecraft:mined":{"minecraft:spruce_planks":1,"minecraft:white_bed":6,"minecraft:kelp_plant":2,"minecraft:spruce_door":2,"minecraft:clay":5,"minecraft:crafting_table":1,"minecraft:torch":3,"minecraft:calcite":1,"minecraft:grass_block":63,"minecraft:spruce_fence":2,"biomesoplenty:high_grass_plant":2,"minecraft:copper_ore":2,"biomesoplenty:sprout":4,"minecraft:spruce_leaves":2,"minecraft:moss_block":4,"minecraft:kelp":1,"minecraft:diorite":2,"supplementaries:urn":3,"minecraft:spruce_stairs":1,"spelunkers_charm:rock_pile_3":1,"minecraft:iron_ore":19,"minecraft:sweet_berry_bush":7,"minecraft:lilac":3,"minecraft:spruce_log":19,"biomesoplenty:fir_log":58,"minecraft:bee_nest":1,"minecraft:coal_ore":24,"minecraft:grass":2,"biomesoplenty:fir_leaves":3,"minecraft:dirt_path":2,"minecraft:dirt":8,"croptopia:rutabaga_crop":1,"minecraft:spruce_wood":1,"minecraft:stone":208,"minecraft:stone_bricks":4,"minecraft:spruce_slab":2},"minecraft:broken":{"minecraft:stone_pickaxe":1,"minecraft:wooden_pickaxe":1},"minecraft:picked_up":{"minecraft:crafting_table":1,"minecraft:allium":4,"minecraft:lilac":3,"minecraft:cooked_beef":1,"minecraft:clay_ball":16,"minecraft:salmon":10,"biomesoplenty:fir_log":58,"minecraft:stripped_spruce_wood":1,"supplementaries:flax_seeds":1,"minecraft:dirt":74,"minecraft:string":1,"minecraft:raw_copper":9,"minecraft:bone":5,"minecraft:stone_bricks":4,"minecraft:kelp":6,"minecraft:wheat_seeds":2,"minecraft:spruce_planks":16,"minecraft:spruce_wood":1,"minecraft:calcite":3,"minecraft:spruce_slab":2,"croptopia:mustard_seed":2,"minecraft:moss_block":3,"croptopia:roe":27,"minecraft:stick":1,"minecraft:raw_iron":19,"minecraft:sweet_berries":10,"croptopia:rutabaga":1,"minecraft:torch":7,"croptopia:mustard":1,"minecraft:spruce_stairs":5,"minecraft:spruce_fence":2,"croptopia:rutabaga_seed":2,"minecraft:diorite":3,"minecraft:white_bed":6,"minecraft:spruce_log":15,"minecraft:spruce_door":2,"minecraft:stone_shovel":1,"minecraft:cactus":2,"minecraft:tropical_fish":1,"farmersdelight:onion":4,"minecraft:bone_meal":5,"minecraft:coal":24,"spelunkers_charm:rock":3,"minecraft:mutton":2,"minecraft:cod":13,"minecraft:white_wool":1,"minecraft:cobblestone":201,"minecraft:sunflower":2},"minecraft:crafted":{"minecraft:wooden_sword":1,"minecraft:cooked_cod":13,"minecraft:stone_shovel":1,"minecraft:crafting_table":6,"minecraft:spruce_planks":60,"minecraft:wooden_pickaxe":4,"minecraft:iron_sword":1,"minecraft:furnace":3,"minecraft:cooked_salmon":10,"minecraft:stone_axe":1,"minecraft:cooked_mutton":2,"minecraft:air":0,"biomesoplenty:fir_planks":16,"minecraft:charcoal":9,"minecraft:stick":48,"minecraft:iron_pickaxe":1,"minecraft:iron_ingot":10,"minecraft:stone_sword":1,"minecraft:stone_pickaxe":6,"minecraft:torch":36},"minecraft:dropped":{"minecraft:bread":1,"minecraft:moss_block":3,"minecraft:kelp":6,"minecraft:wheat_seeds":2,"croptopia:rutabaga":1,"minecraft:cooked_beef":1,"minecraft:lilac":1,"minecraft:raw_copper":4,"minecraft:stone_shovel":1,"minecraft:clay_ball":16,"minecraft:spruce_door":1,"minecraft:spruce_fence":2,"minecraft:stick":5,"supplementaries:flax_seeds":1,"minecraft:dirt":6,"minecraft:allium":4,"minecraft:wooden_sword":1,"spelunkers_charm:rock":3,"minecraft:spruce_wood":1,"croptopia:roe":1,"farmersdelight:onion":4,"minecraft:spruce_slab":2,"minecraft:sunflower":2,"minecraft:bone_meal":5,"minecraft:wooden_pickaxe":3,"croptopia:rutabaga_seed":2,"croptopia:mustard_seed":2,"minecraft:calcite":3,"minecraft:stripped_spruce_wood":1,"minecraft:string":1,"minecraft:white_wool":1,"croptopia:mustard":1,"minecraft:bone":5},"minecraft:custom":{"minecraft:interact_with_furnace":32,"minecraft:mob_kills":26,"minecraft:interact_with_crafting_table":21,"minecraft:interact_with_grindstone":1,"minecraft:time_since_death":91273,"minecraft:sleep_in_bed":6,"minecraft:time_since_rest":20260,"minecraft:sprint_one_cm":102613,"minecraft:damage_taken":895,"minecraft:walk_one_cm":316318,"minecraft:drop":63,"minecraft:damage_dealt":1167,"minecraft:swim_one_cm":136171,"minecraft:fly_one_cm":148512,"minecraft:open_chest":19,"minecraft:crouch_one_cm":27846,"minecraft:play_time":91273,"minecraft:sneak_time":11661,"minecraft:walk_under_water_one_cm":33586,"minecraft:jump":1327,"minecraft:interact_with_brewingstand":1,"minecraft:walk_on_water_one_cm":17647,"minecraft:total_world_time":91273,"minecraft:fall_one_cm":32898},"minecraft:used":{"minecraft:diorite":3,"minecraft:spruce_door":1,"minecraft:tropical_fish":1,"minecraft:stone_shovel":61,"minecraft:stone_pickaxe":192,"minecraft:cactus":2,"minecraft:spruce_planks":12,"minecraft:wooden_pickaxe":78,"minecraft:cooked_salmon":4,"minecraft:stick":1,"minecraft:torch":4,"minecraft:dirt":68,"minecraft:crafting_table":7,"minecraft:white_bed":5,"minecraft:bread":9,"minecraft:lilac":2,"minecraft:stone_bricks":4,"minecraft:stone_axe":78,"minecraft:wooden_sword":48,"minecraft:cobblestone":47,"minecraft:sweet_berries":10,"minecraft:furnace":3,"minecraft:cooked_beef":3},"minecraft:killed":{"minecraft:salmon":10,"minecraft:spider":1,"minecraft:cod":13,"minecraft:sheep":1}},"DataVersion":3465}