{"stats":{"minecraft:mined":{"minecraft:grass_block":2,"minecraft:dirt":1},"minecraft:picked_up":{"minecraft:stick":1,"minecraft:cactus":2,"minecraft:dirt":2},"minecraft:dropped":{"minecraft:bread":1},"minecraft:custom":{"minecraft:time_since_rest":8540,"minecraft:open_chest":1,"minecraft:play_time":13273,"minecraft:crouch_one_cm":1863,"minecraft:sprint_one_cm":21520,"minecraft:damage_taken":395,"minecraft:walk_one_cm":105706,"minecraft:sneak_time":430,"minecraft:walk_under_water_one_cm":1627,"minecraft:mob_kills":1,"minecraft:drop":1,"minecraft:jump":309,"minecraft:damage_dealt":198,"minecraft:walk_on_water_one_cm":796,"minecraft:time_since_death":13273,"minecraft:sleep_in_bed":1,"minecraft:total_world_time":13273,"minecraft:swim_one_cm":11887,"minecraft:fall_one_cm":6756,"minecraft:fly_one_cm":37623},"minecraft:used":{"minecraft:stick":1,"minecraft:dirt":2,"minecraft:bread":7,"minecraft:cactus":2}},"DataVersion":3465}