{"stats":{"minecraft:killed":{"minecraft:cave_spider":3,"minecraft:spider":6,"alexsmobs:murmur":6,"minecraft:cod":13,"minecraft:skeleton":7,"minecraft:chicken":3,"alexsmobs:centipede_head":4,"minecraft:salmon":10,"minecraft:creeper":1,"minecraft:sheep":7,"minecraft:zombie":11,"minecraft:cow":4,"alexsmobs:murmur_head":1,"alexsmobs:underminer":1,"minecraft:drowned":2,"alexsmobs:cockroach":1},"minecraft:killed_by":{"alexsmobs:murmur_head":1,"minecraft:spider":2,"alexsmobs:centipede_head":2},"minecraft:used":{"minecraft:ladder":80,"minecraft:chest":2,"minecraft:shield":73,"minecraft:iron_sword":303,"minecraft:stone_bricks":4,"minecraft:bow":6,"minecraft:sweet_berries":10,"minecraft:furnace":7,"minecraft:cooked_cod":13,"biomesoplenty:fir_trapdoor":1,"croptopia:roe":26,"minecraft:diorite":23,"minecraft:spruce_door":1,"minecraft:stone_pickaxe":411,"minecraft:cactus":2,"minecraft:wooden_pickaxe":78,"biomesoplenty:fir_planks":135,"minecraft:sugar_cane":6,"sophisticatedbackpacks:backpack":2,"minecraft:melon_slice":3,"minecraft:bread":21,"minecraft:lilac":2,"minecraft:wooden_sword":48,"croptopia:blackberry":1,"minecraft:green_concrete_powder":2,"minecraft:rose_bush":2,"minecraft:tropical_fish":1,"minecraft:stone_shovel":143,"minecraft:spruce_planks":12,"minecraft:cooked_salmon":10,"minecraft:cooked_chicken":3,"endrem:lost_eye":1,"minecraft:stick":1,"minecraft:torch":96,"minecraft:dirt":185,"minecraft:spruce_stairs":5,"croptopia:raspberry":1,"alexscaves:spelunkery_table":2,"minecraft:cooked_beef":13,"minecraft:cobbled_deepslate":190,"minecraft:calcite":38,"minecraft:cooked_mutton":11,"minecraft:water_bucket":21,"minecraft:cracked_stone_bricks":2,"minecraft:crafting_table":12,"minecraft:white_bed":5,"minecraft:spruce_log":1,"minecraft:smoker":1,"minecraft:sunflower":1,"minecraft:iron_pickaxe":1073,"minecraft:stone_axe":234,"minecraft:fishing_rod":5,"minecraft:cobblestone":270,"minecraft:bucket":22,"biomesoplenty:fir_log":7},"minecraft:picked_up":{"minecraft:wheat":4,"alexscaves:cave_tablet":13,"minecraft:enchanted_book":6,"minecraft:golden_shovel":1,"minecraft:amethyst_block":17,"biomesoplenty:fir_trapdoor":1,"minecraft:string":5,"minecraft:raw_copper":49,"minecraft:iron_leggings":1,"minecraft:gold_nugget":13,"minecraft:cobbled_deepslate":559,"minecraft:bucket":2,"biomesoplenty:fir_planks":27,"minecraft:spruce_planks":16,"minecraft:rose_bush":4,"minecraft:calcite":54,"minecraft:iron_pickaxe":5,"croptopia:mustard_seed":2,"minecraft:furnace":2,"minecraft:stick":8,"croptopia:barley_seed":1,"minecraft:composter":2,"croptopia:blackbean":2,"minecraft:oak_fence":2,"minecraft:torch":143,"croptopia:rutabaga":1,"minecraft:spruce_stairs":14,"minecraft:diorite":35,"minecraft:golden_chestplate":1,"alexsmobs:centipede_leg":4,"minecraft:cactus":2,"minecraft:rotten_flesh":10,"croptopia:squash_seed":2,"minecraft:tropical_fish":1,"farmersdelight:onion":4,"croptopia:raspberry_seed":4,"minecraft:green_wool":2,"supplementaries:quiver":2,"supplementaries:ash":21,"minecraft:cod":13,"minecraft:cobblestone":445,"minecraft:magma_block":125,"minecraft:cooked_beef":1,"minecraft:feather":6,"minecraft:lilac":3,"minecraft:water_bucket":2,"minecraft:green_concrete_powder":2,"minecraft:golden_leggings":1,"artifacts:thorn_pendant":1,"biomesoplenty:fir_log":185,"minecraft:flint":3,"minecraft:tuff":75,"minecraft:stripped_spruce_wood":1,"supplementaries:flax_seeds":1,"minecraft:lapis_lazuli":92,"minecraft:dirt":220,"minecraft:name_tag":1,"minecraft:bone":9,"croptopia:sweetpotato":2,"minecraft:bow":4,"minecraft:wheat_seeds":18,"minecraft:raw_gold":9,"croptopia:roe":79,"minecraft:moss_block":3,"croptopia:kale_seed":1,"minecraft:oak_planks":13,"croptopia:mustard":1,"croptopia:blackberry":1,"sophisticatedbackpacks:iron_backpack":1,"spelunkers_charm:candle_on_helmet":3,"alexsmobs:animal_dictionary":2,"minecraft:barrel":1,"minecraft:diamond":8,"minecraft:bone_meal":162,"minecraft:bread":4,"minecraft:emerald":2,"minecraft:fishing_rod":1,"minecraft:allium":4,"minecraft:crafting_table":1,"minecraft:azure_bluet":1,"minecraft:chicken":5,"minecraft:clay_ball":16,"minecraft:golden_pickaxe":1,"croptopia:sweetpotato_seed":1,"minecraft:shield":1,"alexscaves:cave_codex":3,"minecraft:oak_trapdoor":4,"minecraft:iron_axe":2,"croptopia:soybean":1,"minecraft:blackstone":34,"minecraft:cracked_stone_bricks":4,"minecraft:music_disc_otherside":2,"minecraft:beef":17,"alexsmobs:elastic_tendon":2,"minecraft:iron_nugget":26,"minecraft:spruce_slab":10,"minecraft:sugar_cane":12,"supplementaries:rope":51,"minecraft:egg":1,"minecraft:raw_iron":69,"croptopia:greenbean_seed":1,"croptopia:blackbean_seed":2,"sophisticatedbackpacks:backpack":5,"minecraft:spruce_fence":10,"minecraft:redstone":9,"minecraft:diamond_chestplate":1,"minecraft:arrow":9,"minecraft:stone_shovel":4,"minecraft:hay_block":27,"alexscaves:spelunkery_table":4,"sophisticatedbackpacks:copper_backpack":1,"alexsmobs:ghostly_pickaxe":3,"minecraft:mutton":20,"minecraft:white_wool":11,"minecraft:salmon":10,"minecraft:leather":1,"minecraft:paper":55,"minecraft:cooked_mutton":4,"biomesoplenty:stripped_fir_log":7,"croptopia:barley":1,"minecraft:stone_bricks":4,"minecraft:kelp":6,"alexsmobs:cockroach_wing_fragment":2,"croptopia:raspberry":2,"minecraft:iron_ingot":28,"minecraft:spruce_wood":1,"minecraft:stone_pickaxe":11,"minecraft:iron_sword":3,"sophisticatedbackpacks:diamond_backpack":1,"minecraft:book":46,"minecraft:pumpkin":54,"minecraft:sweet_berries":10,"minecraft:red_wool":2,"minecraft:spyglass":1,"minecraft:dandelion":1,"minecraft:gravel":15,"minecraft:amethyst_shard":16,"croptopia:rutabaga_seed":2,"minecraft:spruce_sapling":31,"minecraft:white_bed":9,"minecraft:spruce_log":16,"minecraft:spruce_door":2,"minecraft:spider_eye":2,"minecraft:stone_axe":2,"minecraft:iron_helmet":6,"croptopia:greenbean":1,"minecraft:black_wool":2,"spelunkers_charm:rock":3,"minecraft:coal":31,"minecraft:sunflower":13},"minecraft:mined":{"minecraft:large_amethyst_bud":4,"minecraft:spruce_planks":1,"minecraft:white_bed":6,"croptopia:greenbean_crop":1,"minecraft:grass_block":80,"minecraft:spawner":1,"biomesoplenty:stripped_fir_log":7,"minecraft:magma_block":122,"minecraft:sculk_catalyst":1,"minecraft:iron_ore":47,"minecraft:cobbled_deepslate":12,"minecraft:barrel":1,"minecraft:pumpkin":27,"minecraft:dirt_path":2,"minecraft:spruce_wood":1,"minecraft:spruce_slab":6,"minecraft:deepslate_redstone_ore":4,"minecraft:blackstone":31,"minecraft:kelp_plant":2,"minecraft:medium_amethyst_bud":2,"minecraft:amethyst_cluster":4,"minecraft:clay":5,"minecraft:torch":17,"minecraft:calcite":42,"minecraft:green_concrete_powder":3,"minecraft:cobblestone":46,"spelunkers_charm:deepslate_geyser":1,"minecraft:sugar_cane":5,"minecraft:oak_planks":15,"minecraft:wall_torch":12,"minecraft:amethyst_block":17,"minecraft:deepslate_copper_ore":2,"spelunkers_charm:rock_pile_3":1,"minecraft:lilac":3,"biomesoplenty:fir_log":114,"minecraft:grass":75,"minecraft:dirt":119,"minecraft:oak_leaves":1,"minecraft:deepslate":556,"alexscaves:spelunkery_table":2,"minecraft:tuff":74,"minecraft:deepslate_diamond_ore":7,"minecraft:glow_lichen":2,"minecraft:spruce_fence":6,"minecraft:spruce_leaves":2,"minecraft:moss_block":4,"minecraft:kelp":1,"minecraft:hay_block":27,"minecraft:oak_trapdoor":4,"minecraft:furnace":2,"biomesoplenty:toadstool":1,"minecraft:bookshelf":3,"biomesoplenty:high_grass":52,"minecraft:deepslate_iron_ore":17,"minecraft:stone":410,"sophisticatedbackpacks:backpack":2,"minecraft:green_wool":4,"minecraft:spruce_door":2,"croptopia:sweetpotato_crop":1,"minecraft:oak_fence":2,"minecraft:crafting_table":1,"biomesoplenty:fir_planks":13,"minecraft:sculk_sensor":2,"biomesoplenty:high_grass_plant":197,"minecraft:tall_grass":10,"minecraft:copper_ore":12,"croptopia:blackbean_crop":1,"biomesoplenty:sprout":10,"minecraft:lapis_ore":4,"minecraft:deepslate_gold_ore":9,"minecraft:sculk":4,"minecraft:diorite":28,"supplementaries:urn":7,"minecraft:spruce_stairs":6,"minecraft:sweet_berry_bush":7,"minecraft:ice":2,"minecraft:spruce_log":19,"minecraft:birch_leaves":1,"minecraft:bee_nest":1,"minecraft:coal_ore":34,"biomesoplenty:fir_leaves":3,"biomesoplenty:fir_trapdoor":1,"minecraft:sunflower":4,"minecraft:gravel":16,"croptopia:rutabaga_crop":1,"minecraft:cobweb":5,"minecraft:cracked_stone_bricks":3,"minecraft:stone_bricks":4,"minecraft:fern":2},"minecraft:broken":{"minecraft:golden_leggings":1,"minecraft:stone_pickaxe":3,"spelunkers_charm:candle_helmet":1,"minecraft:stone_shovel":1,"minecraft:wooden_pickaxe":1,"minecraft:iron_pickaxe":4},"minecraft:custom":{"minecraft:interact_with_crafting_table":55,"minecraft:open_barrel":5,"minecraft:leave_game":3,"minecraft:time_since_death":31,"minecraft:sprint_one_cm":478938,"minecraft:damage_blocked_by_shield":2815,"minecraft:drop":138,"minecraft:play_time":346772,"minecraft:deaths":8,"minecraft:jump":4683,"minecraft:interact_with_brewingstand":1,"minecraft:walk_on_water_one_cm":57942,"minecraft:interact_with_furnace":49,"minecraft:interact_with_loom":3,"minecraft:sleep_in_bed":9,"minecraft:damage_dealt":8127,"minecraft:crouch_one_cm":86306,"minecraft:interact_with_smoker":5,"minecraft:mob_kills":84,"minecraft:climb_one_cm":14130,"minecraft:walk_one_cm":840321,"minecraft:sneak_time":39198,"minecraft:walk_under_water_one_cm":62683,"minecraft:total_world_time":346772,"minecraft:interact_with_grindstone":1,"minecraft:time_since_rest":191,"minecraft:damage_taken":8886,"minecraft:swim_one_cm":180088,"minecraft:fly_one_cm":636928,"minecraft:open_chest":62,"minecraft:fall_one_cm":138174},"minecraft:dropped":{"sophisticatedbackpacks:iron_backpack":1,"minecraft:moss_block":3,"croptopia:rutabaga":1,"minecraft:cooked_beef":1,"minecraft:red_wool":2,"minecraft:dirt":6,"farmersdelight:onion":4,"minecraft:wooden_sword":1,"minecraft:bone_meal":162,"minecraft:sunflower":7,"croptopia:rutabaga_seed":2,"minecraft:iron_pickaxe":2,"croptopia:mustard_seed":2,"minecraft:white_wool":1,"minecraft:bone":9,"minecraft:rotten_flesh":8,"minecraft:golden_shovel":1,"minecraft:azure_bluet":1,"sophisticatedbackpacks:diamond_backpack":1,"supplementaries:ash":12,"supplementaries:flax_seeds":1,"spelunkers_charm:rock":3,"minecraft:spruce_wood":1,"farmersdelight:rope":7,"minecraft:spruce_slab":2,"croptopia:mustard":1,"minecraft:egg":1,"minecraft:water_bucket":1,"minecraft:bread":1,"minecraft:wheat_seeds":11,"minecraft:lilac":1,"croptopia:blackbean":1,"minecraft:iron_helmet":1,"minecraft:oak_fence":2,"minecraft:feather":3,"minecraft:book":2,"minecraft:spruce_door":1,"minecraft:stick":14,"minecraft:torch":2,"minecraft:rose_bush":2,"minecraft:iron_leggings":1,"minecraft:iron_axe":2,"minecraft:string":5,"minecraft:spruce_sapling":31,"minecraft:dandelion":1,"minecraft:redstone":5,"minecraft:kelp":6,"minecraft:oak_trapdoor":4,"minecraft:stone_sword":1,"minecraft:raw_copper":4,"minecraft:tuff":15,"minecraft:composter":2,"minecraft:stone_shovel":1,"croptopia:raspberry_seed":2,"minecraft:clay_ball":16,"sophisticatedbackpacks:backpack":2,"minecraft:spruce_fence":6,"minecraft:shield":1,"minecraft:diamond_chestplate":1,"minecraft:allium":4,"alexsmobs:cockroach_wing_fragment":2,"croptopia:roe":1,"minecraft:barrel":1,"sophisticatedbackpacks:copper_backpack":1,"minecraft:bow":1,"minecraft:stone_pickaxe":1,"minecraft:wooden_pickaxe":3,"minecraft:stripped_spruce_wood":1,"minecraft:calcite":6,"minecraft:black_wool":1},"minecraft:crafted":{"biomesoplenty:fir_trapdoor":2,"minecraft:cooked_chicken":3,"minecraft:cooked_mutton":11,"minecraft:iron_boots":1,"minecraft:chest":2,"minecraft:smoker":1,"minecraft:crafting_table":11,"minecraft:spruce_planks":60,"minecraft:wooden_pickaxe":4,"biomesoplenty:fir_planks":348,"minecraft:iron_chestplate":1,"minecraft:charcoal":9,"minecraft:shield":1,"minecraft:stick":324,"minecraft:iron_ingot":47,"minecraft:iron_pickaxe":5,"minecraft:stone_sword":1,"minecraft:wooden_sword":1,"minecraft:stone_shovel":2,"minecraft:furnace":6,"minecraft:ladder":108,"minecraft:stone_pickaxe":6,"minecraft:wheat":243,"minecraft:cooked_beef":10,"minecraft:sugar":6,"minecraft:cooked_cod":13,"minecraft:iron_sword":2,"minecraft:cooked_salmon":10,"minecraft:stone_axe":3,"minecraft:bread":82,"minecraft:air":0,"minecraft:torch":36}},"DataVersion":3465}