{"stats":{"minecraft:crafted":{"minecraft:wooden_sword":1,"minecraft:stone_shovel":1,"minecraft:furnace":4,"minecraft:cooked_mutton":2,"minecraft:ladder":108,"minecraft:stone_pickaxe":6,"minecraft:chest":2,"minecraft:cooked_cod":13,"minecraft:crafting_table":9,"minecraft:spruce_planks":60,"minecraft:wooden_pickaxe":4,"minecraft:iron_sword":1,"minecraft:cooked_salmon":10,"minecraft:stone_axe":2,"minecraft:air":0,"biomesoplenty:fir_planks":336,"minecraft:charcoal":9,"minecraft:stick":308,"minecraft:iron_pickaxe":1,"minecraft:iron_ingot":19,"minecraft:stone_sword":1,"minecraft:torch":36},"minecraft:mined":{"alexscaves:spelunkery_table":2,"minecraft:tuff":9,"minecraft:spruce_planks":1,"minecraft:white_bed":6,"croptopia:greenbean_crop":1,"minecraft:grass_block":79,"minecraft:spruce_fence":6,"minecraft:spruce_leaves":2,"minecraft:kelp":1,"minecraft:moss_block":4,"minecraft:spawner":1,"minecraft:hay_block":27,"minecraft:oak_trapdoor":4,"biomesoplenty:toadstool":1,"minecraft:iron_ore":36,"minecraft:barrel":1,"minecraft:pumpkin":27,"biomesoplenty:high_grass":52,"minecraft:dirt_path":2,"minecraft:bookshelf":3,"minecraft:deepslate_iron_ore":5,"minecraft:spruce_wood":1,"minecraft:stone":299,"minecraft:green_wool":4,"minecraft:spruce_slab":6,"minecraft:kelp_plant":2,"minecraft:spruce_door":2,"croptopia:sweetpotato_crop":1,"minecraft:clay":5,"minecraft:crafting_table":1,"minecraft:torch":10,"minecraft:calcite":39,"biomesoplenty:fir_planks":13,"minecraft:green_concrete_powder":3,"minecraft:tall_grass":10,"biomesoplenty:high_grass_plant":197,"minecraft:copper_ore":9,"minecraft:cobblestone":46,"croptopia:blackbean_crop":1,"biomesoplenty:sprout":10,"minecraft:lapis_ore":4,"minecraft:deepslate_gold_ore":6,"minecraft:sugar_cane":5,"minecraft:oak_planks":2,"minecraft:diorite":28,"minecraft:wall_torch":10,"supplementaries:urn":5,"minecraft:spruce_stairs":5,"spelunkers_charm:rock_pile_3":1,"minecraft:sweet_berry_bush":7,"minecraft:ice":2,"minecraft:lilac":3,"minecraft:spruce_log":19,"minecraft:birch_leaves":1,"biomesoplenty:fir_log":101,"minecraft:bee_nest":1,"minecraft:grass":72,"minecraft:coal_ore":24,"biomesoplenty:fir_leaves":3,"minecraft:sunflower":4,"minecraft:gravel":2,"minecraft:dirt":117,"minecraft:cracked_stone_bricks":3,"croptopia:rutabaga_crop":1,"minecraft:cobweb":3,"minecraft:stone_bricks":4,"minecraft:oak_leaves":1,"minecraft:deepslate":19,"minecraft:fern":2},"minecraft:custom":{"minecraft:mob_kills":61,"minecraft:interact_with_crafting_table":27,"minecraft:open_barrel":1,"minecraft:leave_game":1,"minecraft:time_since_death":22246,"minecraft:climb_one_cm":9422,"minecraft:sprint_one_cm":325140,"minecraft:walk_one_cm":610758,"minecraft:drop":101,"minecraft:play_time":212347,"minecraft:sneak_time":21587,"minecraft:deaths":4,"minecraft:walk_under_water_one_cm":56655,"minecraft:jump":3207,"minecraft:interact_with_brewingstand":1,"minecraft:walk_on_water_one_cm":38105,"minecraft:total_world_time":212347,"minecraft:interact_with_furnace":36,"minecraft:interact_with_loom":1,"minecraft:interact_with_grindstone":1,"minecraft:sleep_in_bed":7,"minecraft:time_since_rest":22283,"minecraft:damage_taken":3326,"minecraft:damage_dealt":6658,"minecraft:swim_one_cm":165147,"minecraft:fly_one_cm":386284,"minecraft:open_chest":37,"minecraft:crouch_one_cm":48756,"minecraft:fall_one_cm":75897},"minecraft:used":{"minecraft:rose_bush":2,"minecraft:tropical_fish":1,"minecraft:stone_shovel":132,"minecraft:ladder":80,"minecraft:chest":2,"minecraft:spruce_planks":12,"minecraft:iron_sword":217,"minecraft:cooked_salmon":10,"minecraft:stick":1,"minecraft:torch":83,"minecraft:dirt":163,"croptopia:raspberry":1,"minecraft:stone_bricks":4,"alexscaves:spelunkery_table":2,"minecraft:bow":6,"minecraft:sweet_berries":10,"minecraft:furnace":4,"minecraft:cooked_cod":13,"croptopia:roe":26,"minecraft:cooked_beef":3,"minecraft:cobbled_deepslate":18,"minecraft:calcite":38,"minecraft:cooked_mutton":2,"minecraft:water_bucket":2,"minecraft:diorite":23,"minecraft:spruce_door":1,"minecraft:stone_pickaxe":279,"minecraft:cactus":2,"minecraft:wooden_pickaxe":78,"biomesoplenty:fir_planks":135,"minecraft:sugar_cane":6,"minecraft:cracked_stone_bricks":2,"minecraft:crafting_table":10,"minecraft:white_bed":5,"minecraft:sunflower":1,"minecraft:bread":11,"minecraft:iron_pickaxe":229,"minecraft:lilac":2,"minecraft:stone_axe":188,"minecraft:wooden_sword":48,"minecraft:cobblestone":254,"minecraft:green_concrete_powder":2,"croptopia:blackberry":1,"minecraft:bucket":3},"minecraft:killed":{"minecraft:spider":4,"minecraft:cod":13,"minecraft:skeleton":6,"minecraft:chicken":3,"minecraft:drowned":2,"alexsmobs:underminer":1,"minecraft:salmon":10,"minecraft:creeper":1,"minecraft:sheep":7,"minecraft:zombie":7,"minecraft:cow":4},"minecraft:dropped":{"minecraft:bread":1,"minecraft:moss_block":3,"minecraft:wheat_seeds":11,"croptopia:rutabaga":1,"minecraft:cooked_beef":1,"minecraft:lilac":1,"croptopia:blackbean":1,"minecraft:feather":3,"minecraft:book":2,"minecraft:spruce_door":1,"minecraft:stick":7,"minecraft:dirt":6,"minecraft:torch":2,"minecraft:rose_bush":2,"farmersdelight:onion":4,"minecraft:wooden_sword":1,"minecraft:bone_meal":5,"minecraft:sunflower":7,"croptopia:rutabaga_seed":2,"croptopia:mustard_seed":2,"minecraft:string":5,"minecraft:white_wool":1,"minecraft:dandelion":1,"minecraft:bone":9,"minecraft:kelp":6,"minecraft:oak_trapdoor":4,"minecraft:stone_sword":1,"minecraft:raw_copper":4,"minecraft:tuff":11,"minecraft:stone_shovel":1,"croptopia:raspberry_seed":2,"minecraft:rotten_flesh":2,"minecraft:clay_ball":16,"minecraft:azure_bluet":1,"minecraft:spruce_fence":6,"supplementaries:flax_seeds":1,"supplementaries:ash":12,"minecraft:allium":4,"spelunkers_charm:rock":3,"minecraft:spruce_wood":1,"croptopia:roe":1,"farmersdelight:rope":7,"minecraft:barrel":1,"minecraft:spruce_slab":2,"minecraft:wooden_pickaxe":3,"minecraft:stone_pickaxe":1,"minecraft:calcite":3,"minecraft:stripped_spruce_wood":1,"croptopia:mustard":1,"minecraft:black_wool":1,"minecraft:egg":1},"minecraft:broken":{"minecraft:wooden_pickaxe":1,"minecraft:stone_pickaxe":2,"minecraft:stone_shovel":1},"minecraft:picked_up":{"minecraft:fishing_rod":1,"minecraft:wheat":4,"minecraft:crafting_table":1,"minecraft:allium":4,"minecraft:azure_bluet":1,"minecraft:chicken":5,"minecraft:clay_ball":16,"minecraft:golden_pickaxe":1,"croptopia:sweetpotato_seed":1,"alexscaves:cave_tablet":13,"minecraft:enchanted_book":6,"alexscaves:cave_codex":3,"minecraft:string":5,"minecraft:oak_trapdoor":4,"minecraft:raw_copper":34,"croptopia:soybean":1,"minecraft:cracked_stone_bricks":4,"minecraft:gold_nugget":13,"minecraft:cobbled_deepslate":18,"minecraft:bucket":2,"biomesoplenty:fir_planks":27,"minecraft:spruce_planks":16,"minecraft:music_disc_otherside":2,"minecraft:beef":17,"minecraft:iron_nugget":26,"minecraft:rose_bush":4,"minecraft:calcite":51,"minecraft:spruce_slab":10,"minecraft:iron_pickaxe":2,"croptopia:mustard_seed":2,"minecraft:sugar_cane":12,"supplementaries:rope":51,"minecraft:egg":1,"minecraft:stick":1,"minecraft:raw_iron":46,"croptopia:barley_seed":1,"croptopia:blackbean":2,"croptopia:greenbean_seed":1,"croptopia:blackbean_seed":2,"minecraft:torch":122,"croptopia:rutabaga":1,"minecraft:spruce_stairs":13,"sophisticatedbackpacks:backpack":1,"minecraft:spruce_fence":10,"minecraft:diorite":35,"minecraft:golden_chestplate":1,"minecraft:rotten_flesh":4,"minecraft:stone_shovel":4,"minecraft:arrow":7,"minecraft:cactus":2,"croptopia:squash_seed":2,"minecraft:tropical_fish":1,"farmersdelight:onion":4,"minecraft:hay_block":27,"croptopia:raspberry_seed":4,"alexscaves:spelunkery_table":4,"minecraft:green_wool":2,"supplementaries:quiver":2,"supplementaries:ash":20,"alexsmobs:ghostly_pickaxe":3,"minecraft:mutton":20,"minecraft:cod":13,"minecraft:white_wool":11,"minecraft:cobblestone":334,"minecraft:feather":6,"minecraft:cooked_beef":1,"minecraft:lilac":3,"minecraft:water_bucket":1,"minecraft:salmon":10,"minecraft:leather":1,"minecraft:green_concrete_powder":2,"minecraft:golden_leggings":1,"artifacts:thorn_pendant":1,"biomesoplenty:fir_log":175,"minecraft:tuff":11,"minecraft:stripped_spruce_wood":1,"supplementaries:flax_seeds":1,"minecraft:paper":55,"minecraft:lapis_lazuli":92,"minecraft:dirt":197,"minecraft:name_tag":1,"minecraft:cooked_mutton":4,"minecraft:bone":9,"croptopia:barley":1,"minecraft:stone_bricks":4,"croptopia:sweetpotato":2,"minecraft:kelp":6,"minecraft:bow":3,"minecraft:wheat_seeds":18,"minecraft:raw_gold":6,"croptopia:raspberry":2,"minecraft:spruce_wood":1,"minecraft:iron_ingot":28,"minecraft:stone_pickaxe":11,"croptopia:kale_seed":1,"minecraft:moss_block":3,"croptopia:roe":79,"minecraft:iron_sword":3,"minecraft:book":46,"minecraft:pumpkin":54,"minecraft:sweet_berries":10,"minecraft:dandelion":1,"croptopia:mustard":1,"croptopia:blackberry":1,"croptopia:rutabaga_seed":2,"minecraft:spruce_log":15,"minecraft:white_bed":9,"spelunkers_charm:candle_on_helmet":3,"minecraft:spruce_door":2,"minecraft:barrel":1,"alexsmobs:animal_dictionary":2,"minecraft:stone_axe":2,"minecraft:iron_helmet":5,"croptopia:greenbean":1,"minecraft:bone_meal":5,"minecraft:emerald":2,"minecraft:bread":4,"minecraft:black_wool":2,"spelunkers_charm:rock":3,"minecraft:coal":24,"minecraft:sunflower":13},"minecraft:killed_by":{"minecraft:spider":2,"alexsmobs:centipede_head":2}},"DataVersion":3465}