{"stats":{"minecraft:mined":{"minecraft:white_bed":3,"minecraft:sweet_berry_bush":6,"minecraft:lilac":2,"minecraft:spruce_log":13,"minecraft:bee_nest":1,"minecraft:torch":1,"minecraft:grass":1,"minecraft:grass_block":4,"minecraft:dirt":2,"biomesoplenty:high_grass_plant":2,"minecraft:spruce_leaves":1,"biomesoplenty:sprout":1},"minecraft:picked_up":{"minecraft:stick":1,"minecraft:lilac":2,"minecraft:sweet_berries":7,"minecraft:torch":1,"minecraft:white_bed":3,"minecraft:spruce_log":10,"minecraft:dirt":7,"minecraft:cactus":2,"minecraft:tropical_fish":1,"minecraft:bone_meal":2},"minecraft:crafted":{"minecraft:spruce_planks":40},"minecraft:dropped":{"minecraft:bread":1,"minecraft:dirt":2,"minecraft:bone_meal":2},"minecraft:custom":{"minecraft:time_since_rest":5400,"minecraft:interact_with_furnace":3,"minecraft:sprint_one_cm":59688,"minecraft:damage_taken":585,"minecraft:walk_one_cm":205309,"minecraft:mob_kills":1,"minecraft:drop":5,"minecraft:damage_dealt":198,"minecraft:swim_one_cm":85342,"minecraft:interact_with_crafting_table":1,"minecraft:fly_one_cm":82647,"minecraft:open_chest":16,"minecraft:crouch_one_cm":3197,"minecraft:play_time":37273,"minecraft:sneak_time":760,"minecraft:walk_under_water_one_cm":8888,"minecraft:jump":696,"minecraft:interact_with_brewingstand":1,"minecraft:interact_with_grindstone":1,"minecraft:time_since_death":37273,"minecraft:walk_on_water_one_cm":6214,"minecraft:sleep_in_bed":3,"minecraft:total_world_time":37273,"minecraft:fall_one_cm":17848},"minecraft:used":{"minecraft:tropical_fish":1,"minecraft:bread":9,"minecraft:cactus":2,"minecraft:lilac":2,"minecraft:stick":1,"minecraft:dirt":2,"minecraft:sweet_berries":10,"minecraft:white_bed":2,"minecraft:cooked_beef":2}},"DataVersion":3465}