{"stats":{"minecraft:broken":{"minecraft:wooden_pickaxe":1},"minecraft:mined":{"minecraft:white_bed":4,"minecraft:sweet_berry_bush":6,"minecraft:lilac":3,"minecraft:spruce_log":19,"minecraft:bee_nest":1,"minecraft:crafting_table":1,"minecraft:torch":2,"minecraft:grass":2,"minecraft:grass_block":59,"minecraft:dirt_path":2,"minecraft:dirt":8,"croptopia:rutabaga_crop":1,"biomesoplenty:high_grass_plant":2,"minecraft:spruce_leaves":2,"biomesoplenty:sprout":4,"minecraft:stone":65},"minecraft:picked_up":{"minecraft:allium":4,"minecraft:crafting_table":1,"minecraft:stick":1,"minecraft:cooked_beef":1,"minecraft:lilac":3,"minecraft:sweet_berries":7,"croptopia:mustard":1,"minecraft:torch":2,"croptopia:rutabaga":1,"croptopia:rutabaga_seed":2,"minecraft:white_bed":4,"minecraft:spruce_log":15,"minecraft:string":1,"minecraft:dirt":70,"minecraft:cactus":2,"minecraft:tropical_fish":1,"minecraft:wheat_seeds":1,"farmersdelight:onion":2,"minecraft:bone_meal":3,"croptopia:mustard_seed":2,"minecraft:cobblestone":65,"minecraft:sunflower":2},"minecraft:dropped":{"minecraft:bread":1,"minecraft:dirt":2,"minecraft:cooked_beef":1,"minecraft:bone_meal":2},"minecraft:crafted":{"minecraft:wooden_sword":1,"minecraft:stone_shovel":1,"minecraft:crafting_table":2,"minecraft:spruce_planks":40,"minecraft:stick":32,"minecraft:stone_pickaxe":6,"minecraft:wooden_pickaxe":4,"minecraft:stone_axe":1},"minecraft:custom":{"minecraft:time_since_rest":3900,"minecraft:interact_with_furnace":3,"minecraft:sprint_one_cm":74787,"minecraft:damage_taken":635,"minecraft:walk_one_cm":224583,"minecraft:mob_kills":2,"minecraft:drop":6,"minecraft:damage_dealt":357,"minecraft:swim_one_cm":85342,"minecraft:interact_with_crafting_table":10,"minecraft:fly_one_cm":114098,"minecraft:open_chest":17,"minecraft:crouch_one_cm":13155,"minecraft:play_time":49273,"minecraft:sneak_time":3540,"minecraft:walk_under_water_one_cm":8888,"minecraft:jump":896,"minecraft:interact_with_brewingstand":1,"minecraft:interact_with_grindstone":1,"minecraft:time_since_death":49273,"minecraft:walk_on_water_one_cm":6214,"minecraft:sleep_in_bed":4,"minecraft:total_world_time":49273,"minecraft:fall_one_cm":24743},"minecraft:used":{"minecraft:tropical_fish":1,"minecraft:stone_shovel":56,"minecraft:bread":9,"minecraft:cactus":2,"minecraft:wooden_pickaxe":65,"minecraft:lilac":2,"minecraft:stone_axe":8,"minecraft:stick":1,"minecraft:torch":1,"minecraft:wooden_sword":8,"minecraft:dirt":68,"minecraft:cobblestone":39,"minecraft:crafting_table":3,"minecraft:sweet_berries":10,"minecraft:white_bed":3,"minecraft:cooked_beef":3},"minecraft:killed":{"minecraft:spider":1}},"DataVersion":3465}