{"stats":{"minecraft:mined":{"minecraft:grass_block":4,"minecraft:white_bed":2,"minecraft:dirt":2,"biomesoplenty:high_grass_plant":2,"minecraft:sweet_berry_bush":6},"minecraft:picked_up":{"minecraft:stick":1,"minecraft:cactus":2,"minecraft:sweet_berries":7,"minecraft:tropical_fish":1,"minecraft:bone_meal":1,"minecraft:white_bed":2,"minecraft:dirt":5},"minecraft:dropped":{"minecraft:bread":1},"minecraft:custom":{"minecraft:time_since_rest":7720,"minecraft:open_chest":9,"minecraft:play_time":25273,"minecraft:crouch_one_cm":2144,"minecraft:sprint_one_cm":44284,"minecraft:damage_taken":525,"minecraft:walk_one_cm":152422,"minecraft:sneak_time":492,"minecraft:walk_under_water_one_cm":8888,"minecraft:mob_kills":1,"minecraft:drop":1,"minecraft:interact_with_brewingstand":1,"minecraft:jump":508,"minecraft:interact_with_grindstone":1,"minecraft:damage_dealt":198,"minecraft:walk_on_water_one_cm":6214,"minecraft:time_since_death":25273,"minecraft:sleep_in_bed":2,"minecraft:total_world_time":25273,"minecraft:swim_one_cm":85342,"minecraft:fall_one_cm":10869,"minecraft:fly_one_cm":59623},"minecraft:used":{"minecraft:stick":1,"minecraft:dirt":2,"minecraft:sweet_berries":10,"minecraft:bread":9,"minecraft:white_bed":1,"minecraft:cactus":2}},"DataVersion":3465}