{"stats":{"minecraft:broken":{"minecraft:wooden_pickaxe":1},"minecraft:mined":{"minecraft:spruce_planks":1,"minecraft:white_bed":5,"minecraft:spruce_door":2,"minecraft:crafting_table":1,"minecraft:torch":3,"minecraft:calcite":1,"minecraft:grass_block":63,"minecraft:spruce_fence":2,"biomesoplenty:high_grass_plant":2,"biomesoplenty:sprout":4,"minecraft:spruce_leaves":2,"minecraft:kelp":1,"minecraft:diorite":2,"minecraft:spruce_stairs":1,"minecraft:sweet_berry_bush":6,"minecraft:lilac":3,"minecraft:spruce_log":19,"minecraft:bee_nest":1,"minecraft:grass":2,"minecraft:dirt_path":2,"minecraft:dirt":8,"croptopia:rutabaga_crop":1,"minecraft:spruce_wood":1,"minecraft:stone":75,"minecraft:stone_bricks":4,"minecraft:spruce_slab":2},"minecraft:picked_up":{"minecraft:crafting_table":1,"minecraft:allium":4,"minecraft:lilac":3,"minecraft:cooked_beef":1,"minecraft:salmon":4,"minecraft:stripped_spruce_wood":1,"minecraft:dirt":74,"minecraft:string":1,"minecraft:stone_bricks":4,"minecraft:wheat_seeds":2,"minecraft:spruce_planks":16,"minecraft:spruce_wood":1,"minecraft:calcite":3,"minecraft:spruce_slab":2,"croptopia:mustard_seed":2,"croptopia:roe":2,"minecraft:stick":1,"minecraft:sweet_berries":7,"croptopia:rutabaga":1,"minecraft:torch":3,"croptopia:mustard":1,"minecraft:spruce_stairs":5,"minecraft:spruce_fence":2,"croptopia:rutabaga_seed":2,"minecraft:diorite":3,"minecraft:white_bed":5,"minecraft:spruce_log":15,"minecraft:spruce_door":2,"minecraft:cactus":2,"minecraft:tropical_fish":1,"farmersdelight:onion":2,"minecraft:bone_meal":3,"minecraft:cobblestone":75,"minecraft:sunflower":2},"minecraft:crafted":{"minecraft:wooden_sword":1,"minecraft:stone_shovel":1,"minecraft:crafting_table":3,"minecraft:spruce_planks":60,"minecraft:wooden_pickaxe":4,"minecraft:furnace":1,"minecraft:cooked_salmon":4,"minecraft:stone_axe":1,"minecraft:air":0,"minecraft:stick":32,"minecraft:stone_pickaxe":6},"minecraft:dropped":{"minecraft:bread":1,"minecraft:wheat_seeds":1,"minecraft:cooked_beef":1,"minecraft:dirt":2,"minecraft:sunflower":2,"minecraft:bone_meal":2,"minecraft:stripped_spruce_wood":1},"minecraft:custom":{"minecraft:interact_with_furnace":10,"minecraft:mob_kills":6,"minecraft:interact_with_crafting_table":13,"minecraft:interact_with_grindstone":1,"minecraft:time_since_death":61273,"minecraft:sleep_in_bed":5,"minecraft:time_since_rest":2980,"minecraft:sprint_one_cm":78528,"minecraft:damage_taken":845,"minecraft:walk_one_cm":265322,"minecraft:drop":9,"minecraft:damage_dealt":517,"minecraft:swim_one_cm":103379,"minecraft:fly_one_cm":118610,"minecraft:open_chest":19,"minecraft:crouch_one_cm":17701,"minecraft:play_time":61273,"minecraft:sneak_time":5568,"minecraft:walk_under_water_one_cm":17381,"minecraft:jump":1032,"minecraft:interact_with_brewingstand":1,"minecraft:walk_on_water_one_cm":12886,"minecraft:total_world_time":61273,"minecraft:fall_one_cm":27201},"minecraft:used":{"minecraft:diorite":3,"minecraft:spruce_door":1,"minecraft:tropical_fish":1,"minecraft:stone_shovel":60,"minecraft:stone_pickaxe":17,"minecraft:cactus":2,"minecraft:spruce_planks":12,"minecraft:wooden_pickaxe":65,"minecraft:cooked_salmon":2,"minecraft:stick":1,"minecraft:torch":3,"minecraft:dirt":68,"minecraft:crafting_table":4,"minecraft:white_bed":4,"minecraft:bread":9,"minecraft:lilac":2,"minecraft:stone_bricks":4,"minecraft:stone_axe":17,"minecraft:wooden_sword":17,"minecraft:cobblestone":43,"minecraft:sweet_berries":10,"minecraft:furnace":1,"minecraft:cooked_beef":3},"minecraft:killed":{"minecraft:salmon":4,"minecraft:spider":1}},"DataVersion":3465}